{"obs_size": 704397748, "obs_mean": [4495.92389270242, 533.7965837378002, 2.3551825466653846, 0.05834037726248161, 0.09075363906961541, 596.4565686154374, 0.4888074391110802, 4496.197252855656, 534.0543495122006, 2.2268374813146044, 0.05818849148465674, 0.0907463921304073, 597.381646994921, 0.48882092196097476, 4496.948766362479, 534.3473435664656, 2.0813500783651016, 0.05800577313290679, 0.09073594124311121, 598.4022506861077, 0.48876929454970824, 4497.822582525579, 534.6656100482031, 1.9231745315006323, 0.057865373289240324, 0.09071794102786507, 599.5361711032914, 0.4888300126614311, 4498.848385155597, 535.0087220551421, 1.7526535647016293, 0.05765764108086745, 0.09070828981453255, 600.7668375652802, 0.48877371243932305, 4500.975704481537, 535.3834045051493, 1.566754340333297, 0.057455680801637495, 0.09069052417603693, 602.1390170983233, 0.4887528247697075, 4503.192593774298, 535.7638178749544, 1.3658061751781738, 0.05725348355990798, 0.09066955824102076, 603.6403516864399, 0.4888483933394642, 4505.3542926706195, 536.1728581548509, 1.1498916589381272, 0.0570082039393021, 0.09066221779453472, 605.2843238780326, 0.4889608431484554, 4507.72792047846, 536.5757014189102, 0.9227548098294032, 0.056756397268656555, 0.09065277723156759, 608.0506610807216], "obs_std": [8490.130762768784, 520.5334668906506, 23.4711831995858, 2.8032472843176746, 0.10259336907569763, 472.16955694798713, 0.7302591168916562, 8489.790800379325, 520.5308300970888, 22.575051905199473, 2.6888099746131955, 0.10249958049551582, 472.03764158162267, 0.7288944995710166, 8491.8896637167, 520.5392323715935, 21.516794265927885, 2.5436718451931313, 0.102381763945682, 471.86871788595784, 0.7266297572164447, 8491.336375760655, 520.5246088024581, 20.300877892028275, 2.4277859333836753, 0.10194629663499379, 471.6932073369644, 0.7261538553409226, 8491.192206594142, 520.5170301442215, 18.89086950010829, 2.2427578313359176, 0.10170550984901108, 471.44113604005804, 0.7235801739683216, 8495.303263807426, 520.5157296812679, 17.233488325093774, 2.047429578243547, 0.10143995177561403, 471.1966035632316, 0.7215325195773861, 8497.194046738801, 520.4955724661481, 15.247301101604751, 1.8313855081584416, 0.10107809589687297, 470.8772560450365, 0.7200268110454728, 8497.801825538676, 520.509114104912, 12.798196598212073, 1.5273069933659136, 0.10083191548121233, 470.53611561034324, 0.718311652809142, 8497.982293979365, 520.4940483033002, 9.609236651120318, 1.133654438473535, 0.10061131740048758, 469.53437314523023]}