{"obs_size": 106, "obs_std": [2214255.751244418, 426.82633742672334, 3.1439307344148224, 0.03092241443254713, 0.03183317188616887, 169.5710288559877, 0.12806720802828844, 2342489.5866445345, 420.6547119710575, 4.347623878932769, 0.03092279493223787, 0.03182158963216858, 172.4699797086071, 0.12822439391168602, 2549935.6869139876, 414.3863116802232, 4.347623878932769, 0.03092297728692016, 0.03179145816778403, 174.2109049928695, 0.1292183224875657, 2649381.8205503924, 407.9756322386596, 4.34762387893277, 0.030923159617214552, 0.031781291155196456, 174.39338235079646, 0.1296040180518876, 2747042.204702634, 401.99744911156284, 4.34762387893277, 0.030923341923121562, 0.03216038166021656, 178.37377634886084, 0.13038530851167743, 2834279.718307426, 395.9084880156987, 5.129508236915212, 0.030923524204641468, 0.03934705583426263, 176.40382544448764, 0.12349270505664366, 2914716.5316013736, 389.66631213983646, 5.129508236915212, 0.030923706461774853, 0.04272090683785289, 179.34535085255467, 0.1399166778954281, 2925764.269106683, 383.2001895608336, 5.277726459604896, 0.03092388869452202, 0.06289106440515424, 183.2849937014594, 0.16636989636719238, 2955018.673422833, 376.4363114084692, 5.277726459604896, 0.030924070902883582, 0.0783289876397302, 162.35396044266201], "obs_mean": [1349669.3363522005, 240.22641509433961, 0.41509433962264153, 0.019809962264150917, 0.02099233018867926, 205.41397484276726, 0.09608490566037738, 1445706.1620880496, 237.00943396226415, 0.8207547169811321, 0.01980936792452827, 0.021046745283018874, 217.07619496855347, 0.09749056603773584, 1635895.774402515, 233.75471698113208, 0.8207547169811321, 0.019808518867924497, 0.02113600000000001, 229.8437547169811, 0.09858490566037736, 1744416.5505283012, 230.53773584905662, 0.8207547169811321, 0.019807669811320722, 0.021267650943396235, 242.8294088050314, 0.09839622641509435, 1833992.1869496852, 227.73584905660377, 0.8207547169811321, 0.019806820754716948, 0.021591547169811327, 259.0680503144654, 0.09980188679245282, 1930993.3621320748, 225.16037735849056, 1.0943396226415094, 0.019805971698113174, 0.02341687735849057, 272.1170880503144, 0.09771698113207546, 2034988.655616351, 222.49056603773585, 1.0943396226415094, 0.019805122641509403, 0.024680613207547174, 289.04856603773584, 0.10058490566037734, 2057280.1822012567, 220.19811320754718, 1.2264150943396226, 0.019804273584905628, 0.029823877358490583, 308.0236415094339, 0.10342452830188677, 2103407.3421886778, 217.79245283018867, 1.2264150943396226, 0.019803424528301854, 0.03489950943396229, 332.7475157232704]}