{"obs_size": 848246909, "obs_mean": [4418.671375155491, 549.275477201886, 2.305324710590841, 0.05762288938486071, 0.09062155000492784, 591.8530617076821, 0.47941556022167436, 4418.683125590407, 549.5329869277479, 2.180296144173748, 0.05748065259366591, 0.09061153411941146, 592.7998128773758, 0.47944993557488086, 4418.911489743559, 549.8283765122461, 2.0379384512440337, 0.05731780266265966, 0.0905995830971142, 593.8393580354806, 0.4794051078910687, 4419.465650932426, 550.1420397053287, 1.8829228943291092, 0.057164738920387606, 0.09057954628869501, 595.0052925637774, 0.4794556484856853, 4420.171610532795, 550.4788937710117, 1.7157271692457179, 0.05697093311056659, 0.0905655894517853, 596.2678508635958, 0.47941178140963747, 4421.947019131964, 550.8438103356534, 1.5335856131012437, 0.05679195498351869, 0.0905463759931155, 597.6744158056404, 0.4794040869419439, 4424.0389972525245, 551.2210071761067, 1.337016472405442, 0.05661278334615393, 0.0905233766513789, 599.2220676564457, 0.47951946703266923, 4425.976628160066, 551.6227162803618, 1.1260775899862445, 0.056387643675073734, 0.09051136002339834, 600.9102587696468, 0.47963637251993385, 4428.289419191286, 552.0249515521672, 0.9043764013291558, 0.05615194865150117, 0.09050050228773762, 603.6350127979671], "obs_std": [8010.850113702849, 525.1675885839421, 23.13233908387466, 2.6954182421192843, 0.10355624684065515, 467.4381814378431, 0.7225294081959673, 8010.533488708824, 525.1597991076723, 22.250340998553042, 2.5842071527421466, 0.10339877923239575, 467.29025402319223, 0.7214305141886025, 8012.04945415051, 525.1602228546501, 21.20570897694368, 2.4503037475901865, 0.10327125887941214, 467.1078066744725, 0.7194113493354389, 8011.583768535701, 525.1335465425151, 20.00297603497083, 2.3180472102041807, 0.10277536939765253, 466.9224244640741, 0.7186335132408481, 8011.23922827925, 525.111648419892, 18.61109399958818, 2.137457972866652, 0.10249701335914936, 466.64129634628335, 0.7163043140254243, 8014.706124627399, 525.0997405929145, 16.973103203164168, 1.9568722404578425, 0.10223295476845362, 466.36294031614517, 0.7145195055110336, 8016.438521872651, 525.0640954189807, 15.012665789873937, 1.7578314294106931, 0.10182879911982677, 466.0126566062186, 0.713241867653643, 8016.840281704432, 525.0555938092502, 12.600347077852811, 1.4679496922757675, 0.10151226421352114, 465.6219561565362, 0.7118317946221122, 8017.027950798079, 525.0291102468155, 9.466620240365492, 1.0845680736815078, 0.10127355686425786, 464.6292375684029]}