{"obs_size": 150535, "obs_mean": [320.7787714175043, 69.72818281462783, 3.2713721061547147, 0.09642128338261063, 0.2929161500182735, 241.59187793315667, 1.551914352144014, 322.20456448445407, 70.00904772976384, 3.292669478858737, 0.09644618416980302, 0.2938199981931159, 242.87504999723794, 1.5558458896602054, 323.65020640161583, 70.28640515494736, 3.29924602251968, 0.09647106241738677, 0.29471562650546784, 244.2511606071725, 1.559636144418235, 325.1801729033158, 70.57352775102136, 3.3207028265851797, 0.0964962432391227, 0.2955463438203777, 245.6381516679432, 1.5629813000298902, 326.70127582733085, 70.85392765801973, 3.326635001826818, 0.09652102707012558, 0.29640573230810474, 246.98805952989986, 1.5658512173248704, 328.29118570875414, 71.14157504899192, 3.3491546816355, 0.09654584679311372, 0.29718142241339585, 248.34970927691205, 1.5695838708605934, 329.85294263350056, 71.43084996844587, 3.3553525758129337, 0.0965706594612641, 0.2980564095525991, 249.72283646992153, 1.5726734712857455, 331.40141160970757, 71.72439631979275, 3.3640017271730827, 0.09659510718438509, 0.29887799477862625, 251.08560910087044, 1.57518405686385, 332.9916421740272, 72.02085893645996, 3.3844753711761384, 0.09661959428040937, 0.29969960270369395, 254.65779545841565], "obs_std": [405.49808868093214, 76.79469596411202, 7.180045632860158, 0.027281318262739166, 0.24837891894525407, 251.58179520882072, 1.0733482183271905, 405.9522953102552, 76.88934347996192, 7.196345649805269, 0.027346822636811877, 0.24869832286052718, 252.31559758466494, 1.0749449563061024, 406.45509599901845, 76.98620945896906, 7.201912582988529, 0.027412137434053463, 0.24901631433742738, 253.29811960058151, 1.076513631707915, 407.0504815087271, 77.09477671236793, 7.216650012134034, 0.027478497700716524, 0.24922033939496052, 254.34956998287217, 1.0771484729994765, 407.57223993848606, 77.17945518825654, 7.2225981417951575, 0.027543761828296896, 0.2494539364320547, 255.19493166157034, 1.0786225515753436, 408.2057063892596, 77.28093491927238, 7.241516078798389, 0.027608979776385004, 0.24960152678131037, 256.02549817660326, 1.0812540081396975, 408.8148668564671, 77.39031753245223, 7.2474432355033525, 0.027674053419947175, 0.24985959859702053, 256.81831654241745, 1.0818390547602894, 409.35988373478796, 77.49525471470724, 7.256997669950912, 0.027738313916227973, 0.2500142382653679, 257.727962269755, 1.08269878025927, 409.90557361052186, 77.60333694816806, 7.272679273277534, 0.02780262245017249, 0.2502043240432351, 260.1054612560294]}