{"obs_size": 151248, "obs_mean": [321.0453502459576, 69.7910782291336, 3.279368983391516, 0.09643234825585406, 0.2929654282635189, 242.04729162259585, 1.5535301028773871, 322.4841772453229, 70.06712816037236, 3.28591452448958, 0.09645710922459409, 0.29385683448376587, 243.41691509309726, 1.5573024899502748, 324.00693131369667, 70.3528972283931, 3.3072701787792234, 0.09648217134111789, 0.2946836357042779, 244.79736772277298, 1.5606318761239781, 325.52086358828257, 70.63197529884692, 3.313174389082831, 0.0965068383383674, 0.2955389729384891, 246.14091196798398, 1.5634882643076242, 327.1032784565789, 70.91826668782397, 3.3355879086004445, 0.09653154105840331, 0.2963110063538066, 247.49614274568953, 1.5672033216968122, 328.65767308438683, 71.20617793293134, 3.3417565852110442, 0.09655623675685876, 0.29718186870570557, 248.8627968634284, 1.5702783573997658, 330.1988424045318, 71.49834047392362, 3.3503649635036497, 0.09658056923067652, 0.2979995808870238, 250.21914523167, 1.5727771077964656, 331.7815764439895, 71.79340553263515, 3.3707420924574207, 0.09660494089178931, 0.29881731566037634, 251.7329806763249, 1.5768749206601056, 333.34484228992926, 72.08236803131281, 3.3820612503966996, 0.09662898333863154, 0.2996948388871292, 253.77449190291887], "obs_std": [405.68323726731444, 76.8422270592055, 7.185747515612542, 0.02731303898495305, 0.2484713477293298, 252.21393651222712, 1.0753909904543917, 406.18811898289357, 76.93948012616043, 7.191308501559236, 0.027378139029161017, 0.24879119931913124, 253.19672359391333, 1.0769597727686724, 406.7854671597722, 77.04841727863347, 7.206037771311375, 0.02744428145954563, 0.2489973047173634, 254.24819224618147, 1.0775985951541058, 407.30947959544966, 77.13354810567719, 7.211977591935246, 0.0275093317516215, 0.2492329768035515, 255.09435482883134, 1.0790713545203505, 407.9449615947797, 77.23543503283399, 7.230876007712644, 0.027574336429584758, 0.24938269072332822, 255.92584018108028, 1.0816974801918606, 408.55617303409406, 77.34520020077, 7.236795484846841, 0.027639197682446316, 0.24964281534836327, 256.7197944339268, 1.0822863154069275, 409.1034819406628, 77.45055400556738, 7.246335057071985, 0.02770324878611854, 0.24979972896195707, 257.63005056786386, 1.083147175370839, 409.65160178767576, 77.55905174855647, 7.262004131685709, 0.02776734814994575, 0.24999196101415708, 258.7476442460051, 1.0862523298292002, 410.2020996896493, 77.65522064054075, 7.279742161386808, 0.027831059520405165, 0.2502465285215738, 260.0092472458165]}