{"obs_size": 148701, "obs_mean": [320.3517415529628, 69.65382882428497, 3.2761178472236234, 0.09636564658611073, 0.29292571078204355, 240.85634434649353, 1.5472806975070788, 321.81905550063925, 69.92182971197235, 3.2960571885864924, 0.09639072023053809, 0.29367221664279747, 241.77522194202476, 1.5491255068896619, 323.20999244121145, 70.190213919207, 3.302808992542081, 0.09641611299185089, 0.2944998620049668, 242.89610321383728, 1.5517179709618598, 324.70365134958047, 70.46355438093893, 3.3099979152796553, 0.09644143607643002, 0.29529768550985314, 244.3159106574072, 1.5583269513991114, 326.1703404953604, 70.74962508658314, 3.332290973160907, 0.0964666434052309, 0.29621005734998823, 245.63396092830854, 1.5623740190045736, 327.6235404200413, 71.03009394691361, 3.338659457569216, 0.09649181831326797, 0.2971226667675441, 247.04292815336487, 1.5662360105177433, 329.1458889897668, 71.32058963961238, 3.3609188909287764, 0.09651729416749905, 0.29798669585275506, 248.43903341604968, 1.5696946288188998, 330.69946012916677, 71.60947808017431, 3.3677043194060565, 0.09654237075070966, 0.2988770358504681, 249.80494177353492, 1.5725891016200255, 332.30000773364407, 71.89902556136138, 3.3913490830592936, 0.09656749056833029, 0.29966009947478794, 257.1778729396527], "obs_std": [405.2544285938351, 76.76549341226692, 7.18373539871252, 0.027165732650453522, 0.24808298517530264, 250.4229285544339, 1.0567414831451811, 405.76868051421945, 76.84365617467625, 7.1963136865354125, 0.02723203828491316, 0.2482992424332202, 250.74471492188817, 1.0570256198561543, 406.1356107356184, 76.92043374433499, 7.203530305509054, 0.027298691574170766, 0.24867248804240547, 251.2009112128852, 1.057535200752657, 406.6887563911506, 77.00236637591134, 7.210506155796982, 0.027365009142876547, 0.24894601971019759, 251.96170235328714, 1.0715717953377357, 407.1415683665591, 77.08976149858395, 7.228919253855266, 0.02743109965940265, 0.2492517458734231, 252.69204400257846, 1.0731046133101103, 407.61170422679186, 77.18723724081548, 7.233956633080127, 0.027497002777942602, 0.24954945354472238, 253.6782741777186, 1.074597602233624, 408.13490627555376, 77.29199610387315, 7.24965239831859, 0.02756396219141531, 0.24974921368539746, 254.7204588571406, 1.0752880891837893, 408.6673140042951, 77.38673943107094, 7.2582740304526165, 0.027629813153935843, 0.24999055158149755, 255.57957427786093, 1.0767626726317845, 409.306054811585, 77.48464841333427, 7.277610212773694, 0.02769561281088747, 0.2501388519638928, 260.6766590136853]}