{"obs_size": 149311, "obs_mean": [320.5384928103124, 69.68030486702253, 3.283093676956152, 0.09638428468767396, 0.2928777285799482, 240.87593242740243, 1.5470308684557699, 321.8778995340861, 69.94069425561412, 3.2895968816765007, 0.09640957241597278, 0.2937011734433542, 241.99033515727362, 1.54959694195337, 323.38126132256826, 70.21727803041973, 3.297406085285076, 0.09643479015612604, 0.2945052488430236, 243.38482220332477, 1.5561651452337677, 324.84878506384155, 70.50298370515233, 3.3184494109610143, 0.09645989825264958, 0.2954078143137522, 244.69993239614334, 1.5601584879881525, 326.28364607653754, 70.777451092016, 3.325588871549986, 0.09648497858162745, 0.29630735226473975, 246.10439902842842, 1.5640307813891752, 327.83173002212817, 71.07097936521757, 3.3475832323137613, 0.09651035380515427, 0.29716030151161343, 247.49905978796053, 1.567414470467677, 329.3457495562991, 71.35431414966078, 3.3529411764705883, 0.09653532908493945, 0.2980436279376636, 248.85451889010102, 1.570342633831394, 330.9499427369759, 71.64447361547374, 3.377219360931211, 0.09656034767700564, 0.2988366029361567, 250.2279407098807, 1.574121169907103, 332.5475224955562, 71.93869842141571, 3.3841378063237135, 0.09658536120581465, 0.29970902853775305, 256.47720818068325], "obs_std": [405.39863222049314, 76.77526990108272, 7.186353459239937, 0.02720442663680375, 0.24810597309965493, 250.62179627390086, 1.0576312805366455, 405.70813614058176, 76.84635983433199, 7.192410039292466, 0.027270881923238344, 0.24847841648947525, 251.07412070709023, 1.058182118827145, 406.2941698747114, 76.93689618190162, 7.201083202454355, 0.027337003141993152, 0.2487660151833285, 251.82640317459683, 1.0722264493154547, 406.7725572300969, 77.02861173447724, 7.216842999711691, 0.0274028954494521, 0.24907154158824682, 252.5732253935662, 1.0737240964682533, 407.21730130695596, 77.11269342636803, 7.223360126900578, 0.02746859893646802, 0.24937562572699054, 253.54922207072826, 1.0752680137192094, 407.81285377009004, 77.2303818552887, 7.239250131968395, 0.02753535865801983, 0.2495732213629078, 254.5957576175823, 1.0758809714470814, 408.2875789030075, 77.31540054215496, 7.243538612511818, 0.027601014645777567, 0.2498025600258997, 255.4461551262802, 1.0773883519405, 408.906873739757, 77.41372206374564, 7.2665857760713415, 0.027666619656251272, 0.24996436917485249, 256.2803939516394, 1.0800760932043747, 409.5929261329209, 77.53243574390498, 7.273119596209351, 0.02773207791091554, 0.2502210673614661, 260.37085052307503]}