{"obs_size": 149923, "obs_mean": [320.60030988352196, 69.69971251909314, 3.276668689927496, 0.0964028950461322, 0.2929070708497076, 241.09557881046408, 1.5474946472522513, 322.0518743221565, 69.96829705915704, 3.2842259026300167, 0.09642800855773473, 0.29370704807134823, 242.48248192294838, 1.554020303755921, 323.5291480960267, 70.25717868505834, 3.3058303262341333, 0.0964530122796452, 0.294615401706214, 243.77278352221296, 1.5579836249274575, 324.96495065689646, 70.53132608072144, 3.3117867171814863, 0.09647799396357631, 0.29550521353628595, 245.17395173522755, 1.5618030722437468, 326.49436384010886, 70.81882032776825, 3.3344850356516345, 0.09650327384057993, 0.29634537603970385, 246.56416987831753, 1.5651989221133464, 328.03402738739607, 71.1052006696771, 3.33964768581205, 0.09652815060398524, 0.2972175775564824, 247.9183376711156, 1.5680545813517548, 329.5986030473462, 71.38982010765527, 3.3624327154606033, 0.09655306820835557, 0.29800395318930756, 249.28130399827333, 1.5718630230184791, 331.199804263971, 71.68463144414133, 3.3700499589789423, 0.09657798102360085, 0.29888587447556725, 250.66488548121026, 1.574919905551514, 332.7444513072311, 71.97758849542765, 3.3780073771202552, 0.09660252715061284, 0.29969775648166347, 255.6041128445893], "obs_std": [405.3380606536619, 76.77794208804454, 7.182451440964969, 0.027243136981312612, 0.24828490973427972, 250.95416110924364, 1.058784019441267, 405.8666076385639, 76.86280027210428, 7.189966679876676, 0.02730906244654895, 0.2485719227445672, 251.70249089689597, 1.0728143365013927, 406.3778819407811, 76.963089611508, 7.207417606239488, 0.02737476030352298, 0.24889168345177543, 252.44054151353578, 1.0743727256616042, 406.84801720039405, 77.05144726708666, 7.211295794933535, 0.02744026738765468, 0.24919554355756648, 253.4323103415496, 1.075881390051419, 407.41821344765907, 77.15578231745576, 7.228661057007656, 0.027506825576748897, 0.24939964297226355, 254.46838693515528, 1.0765481294114925, 407.9650801382301, 77.2537111617142, 7.233142384444515, 0.027572286369753223, 0.24962679870266113, 255.3236042881596, 1.0779736036480951, 408.5268637634, 77.34234641349234, 7.251874653897608, 0.027637697771366945, 0.24977661060789141, 256.1492833569399, 1.0806901377589704, 409.1934029152894, 77.46142028884879, 7.262099710800467, 0.02770296301779057, 0.25004669833457804, 256.95044838409893, 1.0812382630367308, 409.75763970437555, 77.56595892109027, 7.26797127504776, 0.027767412599932442, 0.2501878172868887, 260.23068642173354]}