{"obs_size": 155829, "obs_mean": [157.51420273076823, 42.02487341893999, 4.183085305045916, 0.09948816926246458, 0.30084342846325063, 188.7994680151734, 1.9795164507248975, 158.63209341436007, 42.25250113906911, 4.201040884559356, 0.09925576114202554, 0.3010565063370741, 190.17310314940997, 1.9831496319684363, 159.66452816013896, 42.4752388836481, 4.217353637641261, 0.09902335294457895, 0.30133479858049544, 191.61550212948583, 1.9867966296389656, 160.67678378222095, 42.684307798933446, 4.232216083014073, 0.09879088022769014, 0.30149262629549095, 193.13225548946932, 1.9911235970198728, 161.69404092520082, 42.89155420364631, 4.2521866918224465, 0.09855858953725388, 0.301701006885754, 194.66669146308672, 1.9971287693562132, 162.7121565348326, 43.09715136463688, 4.269802154926233, 0.09832633251834097, 0.30200757239024983, 196.23670096923024, 2.0043156344455024, 163.79784042764712, 43.313561660538156, 4.288470053712723, 0.09809408279588962, 0.3022826928620494, 197.8949354955353, 2.011797553728822, 164.94103097626115, 43.55072547471908, 4.307343305803156, 0.09786165659794209, 0.30265234230470767, 199.5599686921773, 2.018598592046468, 166.06008336916213, 43.79028293834909, 4.322321262409436, 0.09762917414602257, 0.30307966747524795, 207.02410805861683], "obs_std": [209.06171266567654, 45.392349206256334, 7.6293789635547835, 0.04087561886336941, 0.20556974021801316, 192.7063367750952, 1.214055065901212, 209.56360701157584, 45.49243518976884, 7.639998905007492, 0.03950760800770711, 0.20508106391346415, 193.31666889961923, 1.2128193242109093, 209.94313883366002, 45.58386696701121, 7.650873028787209, 0.038089101798617984, 0.20463841561694834, 194.02527515955444, 1.2125335180459242, 210.21171450594343, 45.652268177247876, 7.660034748964297, 0.036614274754252676, 0.20415921323525366, 194.85520486028548, 1.2133713060051257, 210.47319066474995, 45.70881275598341, 7.669681600925024, 0.035075956557870304, 0.20372322932481213, 195.6589417394991, 1.218119622520518, 210.79644132041275, 45.76883013069698, 7.68184696263539, 0.033465394708092025, 0.20331704018662294, 196.4655717326123, 1.2262614992554446, 211.34793532614958, 45.871207761019214, 7.690977705660052, 0.031771540626142895, 0.20300869998231152, 197.32123009482711, 1.230759955949346, 211.88130636184746, 45.99312909986061, 7.70711240595538, 0.029980308175729917, 0.2028054608546326, 198.15033835465925, 1.2327129625340802, 212.3720972566152, 46.11629852379506, 7.717886117833993, 0.028073029805500416, 0.20254120928380046, 202.61284883136312]}