{"obs_size": 139332, "obs_mean": [342.7447016622134, 83.47589211380013, 2.9033603192375046, 0.09650082657968082, 0.2581680152800523, 226.95927263899407, 1.5924615666178596, 345.30108539315705, 84.03234002239256, 2.9148508598168403, 0.09622622549737274, 0.25833404660092646, 228.6707783089017, 1.5950857376625582, 347.97124368653715, 84.59110613498694, 2.9259753681853415, 0.0959515479717489, 0.2585254457052238, 230.4267361793086, 1.5974353773720325, 350.60058735011296, 85.15747279878276, 2.9371214078603622, 0.09567679882582349, 0.2586955733284544, 232.19956864181702, 1.6000675437085499, 353.2461363792911, 85.72157867539403, 2.949717222174375, 0.09540203511755814, 0.2588659404228761, 234.04036565900964, 1.6031510780007447, 355.9042200355941, 86.28560560388138, 2.960332156288577, 0.09512718189647563, 0.2590943145652126, 235.94115655652695, 1.606323737547725, 358.5617390692689, 86.85568282950076, 2.9733227112221168, 0.09485232369448313, 0.2593094095900455, 237.8220078469666, 1.6099106091924278, 361.1974957176584, 87.42022650934459, 2.9850213877644762, 0.09457766983176774, 0.2595697210045083, 239.70707916343486, 1.6128536732408867, 363.80013017349063, 87.9844256882841, 2.9977607441219534, 0.09430283400797956, 0.259772474700716, 248.54992979357817], "obs_std": [441.7666518867544, 100.93801956774928, 6.274338393108123, 0.04734013113476278, 0.2309718464316153, 217.84300956657864, 1.2544794311324299, 442.49143249473127, 101.10214950703244, 6.28149046713141, 0.045608574105642584, 0.2305793117609376, 218.09358871142302, 1.2509459640307246, 443.33054333356654, 101.26152949992974, 6.289006839280203, 0.043806847198981126, 0.23050502172762935, 218.4597101316699, 1.246769289238701, 444.1241853674604, 101.42662076482341, 6.298403200364563, 0.041925818427529585, 0.23016734091345084, 218.80545206008222, 1.243380829253041, 444.88863381781346, 101.5919335028346, 6.307557989714412, 0.03995445120496981, 0.22986423652905233, 219.2111389749984, 1.2397166112298486, 445.6539729222209, 101.75060648485795, 6.315277064227308, 0.037878568625122476, 0.22964878109977796, 219.67313086873443, 1.2357471679407717, 446.4419629648119, 101.90740614638746, 6.324846866602196, 0.035680073450975035, 0.22930713592479088, 220.0842990751166, 1.2326068809658426, 447.16916835213493, 102.06139508253064, 6.335780860211793, 0.03333465769442778, 0.22917942413919398, 220.5548830729154, 1.2287248036138894, 447.83302471080424, 102.2139421965298, 6.346750106279659, 0.030808781743520322, 0.2288642619627153, 223.39715697035618]}