{"obs_size": 158226, "obs_mean": [158.39183669350345, 42.208992201028906, 4.167399795229608, 0.09939855417567758, 0.30021935023953034, 190.47685776043826, 1.9812671811207374, 159.39689140427635, 42.413825793485266, 4.187459709529407, 0.09916981361470814, 0.30041973045517156, 191.98270649578805, 1.9871947530747776, 160.39895994337002, 42.616333598776436, 4.2041573445577844, 0.09894111068977796, 0.30073277101740575, 193.53846920229358, 1.9943502142505611, 161.4688396892191, 42.83081162387977, 4.2233830091135465, 0.09871240459849008, 0.30099949685260374, 195.1769726467313, 2.0017817868113372, 162.5960399765717, 43.06392122659992, 4.241603781932173, 0.09848353361647674, 0.3013747533907199, 196.8207770952176, 2.0084444844716467, 163.69820589114983, 43.30070911228243, 4.256790919317938, 0.09825459283556816, 0.30178880137904124, 198.42792245691277, 2.0141211115746485, 164.76076169108197, 43.53655530696599, 4.280762959311365, 0.0980256469859613, 0.30212865709807674, 200.0502802110086, 2.0196365704752077, 165.90463310707355, 43.774386004828536, 4.296582104078976, 0.0977966781060054, 0.30242707670041796, 201.60967396845842, 2.023683655025152, 166.9550097160594, 44.00004424051673, 4.316585137714409, 0.09756772106354669, 0.30268454717303406, 205.02318535933549], "obs_std": [209.44824154040458, 45.47147311645121, 7.617783225693531, 0.040658778208630585, 0.20495367389148553, 194.4582042943419, 1.220323281746893, 209.7241968154182, 45.53027940050272, 7.6279221017759005, 0.039303938070862236, 0.20452276955224463, 195.25988580180075, 1.2250430284058642, 210.06054289676774, 45.59271052801442, 7.639131261301481, 0.037899317487846335, 0.2041432305166639, 196.08242366901914, 1.2331668920660854, 210.6164162121544, 45.69833725701141, 7.649557351754026, 0.036439161932622845, 0.20384714734868456, 196.95989915125455, 1.237514093281588, 211.1643833422901, 45.82188091704273, 7.665394290642658, 0.03491647120062221, 0.20368054680370007, 197.81787940394562, 1.2394846583970949, 211.66615225211083, 45.947497230445585, 7.677201584329688, 0.03332265351280664, 0.2034275087635404, 198.6780193974082, 1.2390938003626122, 212.18272282691112, 46.07672059462505, 7.693623050419496, 0.03164697658557138, 0.20299799558456066, 199.55467556024004, 1.237953787659656, 212.72863829012303, 46.19574966369802, 7.703508791539938, 0.029875710333983417, 0.2026061977466271, 200.3597927145093, 1.2356360285918548, 213.0600440271045, 46.28804635508785, 7.7129256352740905, 0.027990708816524847, 0.20213764827492772, 202.03679120087153]}