{"obs_size": 159095, "obs_mean": [158.68215597808225, 42.26548917313555, 4.165882020176624, 0.09936799060310521, 0.29999070029227776, 191.1321365012706, 1.9838420692039955, 159.67875107325582, 42.46689085137811, 4.182488450296993, 0.09914053688677159, 0.30030203098148917, 192.67940140588448, 1.9909584462114507, 160.74278698052328, 42.68019736635344, 4.201609101480248, 0.09891308002137593, 0.3005672999214308, 194.30895510650095, 1.9983494264433865, 161.86383033617022, 42.91203369056224, 4.219730349791005, 0.09868545916591225, 0.3009405067538264, 195.94378085631217, 2.0049757314812564, 162.9599760604234, 43.14752820641755, 4.234834532826299, 0.09845776889280464, 0.3013522931518913, 197.5421477565893, 2.0106213520224405, 164.01672802623034, 43.38208617492693, 4.258675634055124, 0.09823007357868371, 0.3016902925296225, 199.15564395696995, 2.016106684685314, 165.15435145039, 43.618617806970676, 4.274408372356139, 0.0980023553600088, 0.3019870821207476, 200.7065200792005, 2.020131663471574, 166.19899074976087, 43.843043464596626, 4.294302146516232, 0.09777464891417474, 0.3022431462522419, 202.28941894675074, 2.0239320343191824, 167.2307120190242, 44.05460259593325, 4.3121091171941295, 0.09754693278230463, 0.30254940901348565, 204.1013863750168], "obs_std": [209.50535176268693, 45.477399726059915, 7.6139964539399445, 0.04058202939384184, 0.20478525541103126, 195.14397845859014, 1.2272457648359285, 209.8436184673063, 45.540220645667766, 7.62521188342628, 0.03923190775688365, 0.20440893085056205, 195.96926603097936, 1.2353304196388735, 210.40068654049895, 45.64609298830076, 7.635654359615698, 0.03783227115878313, 0.20411541014926426, 196.84960959267906, 1.2396667147407316, 210.95009662072425, 45.76986912423471, 7.651485189006639, 0.03637737341032254, 0.20395073065778532, 197.71060425993628, 1.2416415419281017, 211.45344506724808, 45.89572448950389, 7.663292546558538, 0.03486027648818722, 0.20370028952559874, 198.57361292610136, 1.2412693420404106, 211.97140785421698, 46.02517151649054, 7.679722356464703, 0.03327248456834729, 0.20327442546683622, 199.45314907615543, 1.2401530946142638, 212.51888473283415, 46.14447864022274, 7.689617186495648, 0.0316033824945796, 0.20288594309782537, 200.2612447136206, 1.2378636163775, 212.8525028374063, 46.237132546813086, 7.69905696032478, 0.029839323911325932, 0.2024211573433135, 201.1465912933956, 1.234233040134883, 213.16521259790235, 46.311266610279056, 7.710537282827857, 0.027962355351004914, 0.20202062491849415, 201.9452750398715]}