{"obs_size": 44367, "obs_mean": [170.2273690505707, 45.03220862352649, 4.262424775170735, 0.09875856424820653, 0.2992219413753454, 208.3913056400746, 2.0546404760294834, 171.48333172553183, 45.2967971690671, 4.286203709964614, 0.09854370942367405, 0.2996608029616595, 210.13976392363466, 2.0603989677012233, 172.64588692797184, 45.557711812833865, 4.318254558568305, 0.09832891410282749, 0.3002819022246252, 211.89794411762355, 2.0667650506006763, 173.78020919452095, 45.78846890707057, 4.343971870985191, 0.09811276843149581, 0.30077107559672595, 213.71097019556456, 2.07353848581153, 175.00865578770964, 46.041945590190906, 4.377555390267541, 0.09789657671242603, 0.3012251129668432, 215.48538575968624, 2.079104446998899, 176.18158472137654, 46.29470101652129, 4.402123199675435, 0.09767993125521736, 0.3016754211914246, 217.17703120186965, 2.084248067257198, 177.4044362100955, 46.537133455045414, 4.433790880609462, 0.09746312599455019, 0.30208494689746734, 218.8433485097793, 2.088683052719363, 178.6748428787157, 46.791196159307596, 4.464827461852278, 0.09724646180720369, 0.3025786033989208, 220.57048537576836, 2.093419230509161, 179.95147630746516, 47.041923050916225, 4.492302837694683, 0.09702966979963087, 0.3030219264318055, 229.7476988452385], "obs_std": [219.12420739874494, 47.82682239099931, 7.80931545084636, 0.03745358716031785, 0.20905659167806226, 204.7223022085306, 1.3329195696738396, 219.62408375581398, 47.940518572984885, 7.8235548267186115, 0.03633670359471383, 0.2088629787453829, 205.50510160962864, 1.3317350538589403, 220.0052568887161, 48.03013493714647, 7.853887834684114, 0.035182908586984925, 0.20883104686208218, 206.25287036399396, 1.3316237384836416, 220.30444710942885, 48.10760579721693, 7.876394321956753, 0.03398758914220265, 0.20862496625430113, 207.03662669373938, 1.3325599818616767, 220.81587564071327, 48.2135319200247, 7.913193146429682, 0.03274757338626256, 0.20837943150030422, 207.79036497351996, 1.3310925757335903, 221.23687363000124, 48.3161936334837, 7.936225504230462, 0.03145729965809833, 0.207936716228181, 208.37184263193265, 1.3287694143313493, 221.64379772839558, 48.395477742582315, 7.966073028016833, 0.03010996580768968, 0.20779488675388, 208.89230126118534, 1.3263741460135863, 222.11941168358203, 48.477046773276676, 7.9878969225092495, 0.02869766131828409, 0.20770046553343377, 209.5286928930085, 1.3254687023517486, 222.5575649939969, 48.559512778804084, 8.009299260612112, 0.027210656123188126, 0.20754954167418382, 213.89122467337575]}