{"obs_size": 45126, "obs_mean": [171.0041563621856, 45.19210654611532, 4.2673181757744985, 0.09866516642290853, 0.29892755466914767, 210.62141613851475, 2.06264244559678, 172.21066298807753, 45.44513140983025, 4.297987856224792, 0.0984528925231611, 0.2993947649027157, 212.33582988373226, 2.0679987147099297, 173.37727308720727, 45.69489872800603, 4.3244471036652925, 0.09824027261446146, 0.2998861192660538, 213.97309873096083, 2.0731055932278566, 174.56363429803903, 45.93238930993219, 4.3578203253113506, 0.09802749423835852, 0.3003207412134896, 215.5976116060226, 2.0777214909364945, 175.80130188065962, 46.182777112972566, 4.3854983823073175, 0.09781467683818977, 0.30081890304923814, 217.26721454002995, 2.082261135487305, 177.0393415769173, 46.42875504143952, 4.4154146168505966, 0.09760152838718669, 0.3012453076940105, 218.93977856077228, 2.086859836901124, 178.22355364977997, 46.683131675752335, 4.440522093693215, 0.0973881269999599, 0.3017594728981055, 220.7027040582685, 2.092681358861856, 179.44661334928824, 46.93196826663121, 4.462549306386562, 0.09717471612817864, 0.3022982648362341, 222.46561354134587, 2.098320037229093, 180.57160582960267, 47.1691042857776, 4.501662013030182, 0.09696134416966169, 0.30284942749190935, 226.69125794442488], "obs_std": [219.46577368958447, 47.9047875538052, 7.822942524961589, 0.03724332259404959, 0.2087165416455997, 206.97286537051488, 1.3389722142950315, 219.99133401633387, 48.013779260067764, 7.857145905103417, 0.03613796703783991, 0.20850501197310242, 207.71180462401773, 1.3376668906588352, 220.43737895926574, 48.11730911951376, 7.885134644187088, 0.03499637208462866, 0.2082465529992463, 208.27053247443496, 1.3357298351221958, 220.82452965026008, 48.195178882006935, 7.915339604525937, 0.03381469505837008, 0.20811968211071216, 208.8106548365085, 1.3337286130745276, 221.2968968836912, 48.27957444200352, 7.935843707308009, 0.03258874131042375, 0.20803310498444166, 209.40959226944932, 1.332413312079246, 221.72568140260051, 48.36221494888586, 7.959166271661751, 0.031313439621716226, 0.20787720594696454, 209.98642421853117, 1.330996414512925, 222.05113628486598, 48.450408185671826, 7.976111484569066, 0.029982298413580296, 0.20772764177839756, 210.74832272529687, 1.3320208401765306, 222.48220310212088, 48.53183067279979, 7.993851247396353, 0.028587654336631938, 0.20781969124391084, 211.6134360913765, 1.3327532817023477, 222.75463203992012, 48.59884264269402, 8.028951644888663, 0.02712006051836385, 0.20781381997932602, 213.5285172258519]}