{"obs_size": 142550, "obs_mean": [345.63473844030966, 84.06352858646089, 2.884426517011575, 0.0963564478919657, 0.25739592695896263, 229.2930299590987, 1.5920002104524713, 348.2375939576715, 84.61646439845669, 2.8950824272185196, 0.0960877726622216, 0.25760975881445214, 231.1436384894359, 1.5950765345492801, 350.8356743411627, 85.17508242721851, 2.907955103472466, 0.09581916340932799, 0.25782679661873154, 232.98394077868775, 1.5986393896878268, 353.41000938149966, 85.72829884251139, 2.919003858295335, 0.09555089210101504, 0.25808406761136615, 234.82285437157566, 1.601541585408625, 355.94784607973384, 86.27769203788145, 2.9315678709224833, 0.09528244484040517, 0.2583000116660843, 236.6998856027183, 1.6049863276043466, 358.4450583000088, 86.815566467906, 2.9433812697299193, 0.09501398394948998, 0.25852480108734044, 238.57529721501334, 1.6082203156787098, 360.93742005377953, 87.35149772009821, 2.954836899333567, 0.09474532220974814, 0.25877595153981325, 240.464189594292, 1.6111213048053334, 363.4142085443675, 87.89093651350403, 2.9677446509996495, 0.09447654105225936, 0.2589639848193646, 242.39582141937836, 1.6145504524728196, 365.936343224598, 88.43955804980709, 2.977558751315328, 0.09420774444756005, 0.2592023761837987, 244.59174856073122], "obs_std": [442.8323624686865, 101.0523227365027, 6.252781591824044, 0.0469440731064415, 0.2306063623841058, 219.0317551286742, 1.258488573341817, 443.6284898051511, 101.21766086844417, 6.260881010385688, 0.04523644079373616, 0.23036473624537682, 219.50888318664477, 1.2546647331623197, 444.441037633749, 101.38144957749306, 6.270468428851278, 0.0434601512297455, 0.23004572302229886, 219.94453775752314, 1.2516492395569276, 445.1950175874596, 101.54146083732246, 6.28043390278935, 0.041606425050734475, 0.22989105415990072, 220.43170024792974, 1.2479193150541155, 445.8918056140283, 101.70016882608452, 6.291482578137996, 0.03966436125174262, 0.22962197739143167, 220.9606632270064, 1.2455370212610506, 446.53163995156217, 101.83849250307323, 6.300883242869815, 0.03762026011851108, 0.22930322941410455, 221.43075896040543, 1.2421243554859984, 447.13106581014534, 101.97193325916213, 6.311116191539693, 0.03545634446178749, 0.22911560548169027, 221.91494155775726, 1.2381788834371512, 447.6868720719872, 102.1056771768717, 6.320756168380347, 0.033149371766779984, 0.22885786845024572, 222.46548220144345, 1.2353022883956102, 448.2697532449555, 102.24038313409054, 6.328655308267604, 0.030667033679861712, 0.228577531264158, 222.88872884059145]}