{"obs_size": 141709, "obs_mean": [344.9028143354758, 83.9170694874708, 2.8879675955655606, 0.09639232112991984, 0.257586570852946, 228.65367449258412, 1.5917161436464824, 347.5049973255014, 84.4713744363449, 2.900535604654609, 0.09612218476596257, 0.25775231603497367, 230.45878560055527, 1.5947265240739807, 350.12330000211284, 85.0275917549344, 2.911254754461608, 0.09585191503009587, 0.2579674169177693, 232.3203769320837, 1.5978211052226738, 352.73679920588023, 85.58952501252567, 2.924203826150774, 0.09558171166263187, 0.258185742775689, 234.17160085810715, 1.6014051048274962, 355.3264121450726, 86.14602459970786, 2.9353181519875235, 0.0953118482453457, 0.2584445405937529, 236.02142784627418, 1.6043245242010002, 357.8793101355554, 86.69867827731478, 2.9479567282247423, 0.09504180783153975, 0.25866176621103937, 237.90959868933587, 1.6077897098984515, 360.39134255410454, 87.23974482919222, 2.9598402359765434, 0.09477175370653781, 0.2588878896894354, 239.79614030160235, 1.6110428907126564, 362.89849572009956, 87.77885667106536, 2.9713638512726783, 0.09450149754073206, 0.25914053064378556, 241.69624268512197, 1.6139610963312139, 365.3899832003114, 88.32149687034698, 2.9843482065359295, 0.09423112124846995, 0.25932967984390715, 245.84829746404202], "obs_std": [442.5694709804035, 101.02051717992295, 6.257183311642102, 0.04704579627673561, 0.23071918401492103, 218.67022466660768, 1.2574880365461094, 443.3614458750439, 101.1911240545471, 6.266498409559291, 0.04533198867344215, 0.23043229967858062, 219.08690430075282, 1.2539485880823218, 444.1502690310218, 101.35496768935977, 6.2746004797646036, 0.04354902444764466, 0.23018872138737861, 219.55680970714795, 1.2500812785742175, 444.95555512688117, 101.51721992135238, 6.284190294946977, 0.04168817330265936, 0.2298672275586554, 219.98500345777953, 1.2470287997168177, 445.70204024049303, 101.67568779744225, 6.2941642593486025, 0.03973851056529516, 0.22971111431843713, 220.46495324853342, 1.2432562471577435, 446.3911613567567, 101.83285065296315, 6.3052214690358905, 0.037686203647617836, 0.2294398855520372, 220.9866833280558, 1.2408429956841818, 447.02317591252324, 101.96957136616666, 6.314626399456859, 0.035513439904407154, 0.22911863206725697, 221.44915759643476, 1.2373896305905343, 447.6145519454177, 102.1013831039747, 6.324867612066932, 0.03319643026751244, 0.22892934047837668, 221.92566967976387, 1.2333987717238715, 448.16210851376934, 102.23347304984199, 6.334509749204347, 0.030702766892142814, 0.2286695597696342, 222.8819974515916]}