{"obs_size": 156626, "obs_mean": [157.8724746040437, 42.09525238466155, 4.179548733926679, 0.09945809051498915, 0.3006322251861124, 189.303067387725, 1.9799329357833995, 158.9026385700092, 42.316422560749814, 4.1960083255653595, 0.09922686493941363, 0.30090555940903874, 190.72820231636334, 1.9835165106687895, 159.91135098897814, 42.524676618186, 4.209971524523387, 0.09899560658511757, 0.3010708319627657, 192.23762966133089, 1.9878122533934972, 160.92208221708447, 42.73178782577605, 4.230830130374267, 0.09876449793138273, 0.30126855310740364, 193.76839352769287, 1.9938544494528956, 161.93412913564634, 42.935195944479204, 4.2475323381814, 0.0985334272853853, 0.3015861426455391, 195.33552097779383, 2.0010246319257905, 163.01717564984827, 43.15208841443949, 4.266788400393294, 0.09830238033277178, 0.3018526082770435, 196.98151944122216, 2.0084446515904695, 164.15389152928904, 43.38713878921763, 4.285335768007866, 0.09807114586339875, 0.30222636908304024, 198.64080706055861, 2.01517935081027, 165.2650868267921, 43.62566879062225, 4.300224739187619, 0.09783983638732113, 0.3026459092743243, 200.2654410932197, 2.0209695261323803, 166.34131729512674, 43.86463933191169, 4.324684279749212, 0.09760855276902117, 0.30298885492830335, 206.57485672876487], "obs_std": [209.30111984866207, 45.43207974318924, 7.6262011377182475, 0.0408029719513688, 0.20533474667982615, 193.1896740623712, 1.2151327442643316, 209.68373086942012, 45.52293916791522, 7.637229022911363, 0.03943938451268211, 0.20490139811032498, 193.88929781744173, 1.2148407306533036, 209.96600963011159, 45.591907019265335, 7.6451255014750785, 0.03802553956132583, 0.20443857057665357, 194.71952302014952, 1.2157375780579927, 210.22491155585098, 45.65061567545534, 7.656348402194579, 0.03655564735336297, 0.20398234666097914, 195.5295546709649, 1.220455390547389, 210.55073183582354, 45.710349028633686, 7.667259144529045, 0.03502259720106555, 0.20360708060853275, 196.34517334927293, 1.228614247690536, 211.10818337166816, 45.81439198860359, 7.677362807896789, 0.033417643769141206, 0.20330187226611351, 197.2072338854218, 1.2329411066505973, 211.64787695644577, 45.93670438109902, 7.693509611744552, 0.03172989446272576, 0.20310323686411202, 198.04975880597766, 1.2350084645995418, 212.137114324111, 46.06029965744698, 7.7043519278130335, 0.02994533701015386, 0.2028420518557399, 198.89062517675652, 1.2346310829588236, 212.64937766208533, 46.18875184413059, 7.720670484713122, 0.028045508608099103, 0.20240250153344105, 202.38073941603392]}