{"obs_size": 157426, "obs_mean": [158.14266271983593, 42.159052507209736, 4.174570909506689, 0.09942818737693163, 0.30048025686989416, 189.85575695249273, 1.9802664807592774, 159.1492167748634, 42.365816320048786, 4.188691829812102, 0.09919810422040003, 0.30064116563337717, 191.34763986890783, 1.984495756736557, 160.1564112620091, 42.57212277514515, 4.208625004764143, 0.09896820125646785, 0.30084608804771823, 192.87101484720117, 1.990498087990609, 161.16197252042033, 42.775411939577964, 4.226226925666662, 0.09873830486705246, 0.30115251336501014, 194.4342934796985, 1.9976990713097522, 162.23863181854608, 42.990065173478335, 4.244565700710175, 0.0985084365352652, 0.30143014494429216, 196.07700845689163, 2.005101171344055, 163.37244370053057, 43.22549642371654, 4.2636984996125165, 0.09827839799017182, 0.3017947883831143, 197.72408524217184, 2.0117779401116125, 164.47733803818792, 43.461912263539695, 4.278283129851486, 0.09804827294094193, 0.3022181584681073, 199.3431764638648, 2.0175071208060333, 165.5459476240678, 43.699858981362674, 4.302605668695133, 0.09781815467585211, 0.30255377935665223, 200.9710654614441, 2.023082178293358, 166.69778365708234, 43.93870771028928, 4.318517906826064, 0.09758803220561157, 0.3028592974540443, 205.88050014609678], "obs_std": [209.42210396727043, 45.46276595141563, 7.6234454962665374, 0.04073057705779495, 0.2051546487777782, 193.7631883815049, 1.2171623906342066, 209.7077431841086, 45.53120211781099, 7.6314984911043355, 0.03937138553112395, 0.20470098398084677, 194.58432781780834, 1.2180467580688399, 209.9803223159228, 45.590506544176556, 7.641471703852891, 0.037962169662406814, 0.20426102298834375, 195.39482730290786, 1.2228008501066918, 210.3033274882953, 45.652369380813866, 7.653938203761945, 0.03649718971080781, 0.20386544840694742, 196.21679725172675, 1.230908931029157, 210.86266888864145, 45.75600546949281, 7.662804057966699, 0.03496932946818297, 0.20359030505476658, 197.08787966977872, 1.2352797078341877, 211.40852219643844, 45.87996194000291, 7.679896106972245, 0.033369976028219554, 0.20339428447419303, 197.9368603591458, 1.2371921139429514, 211.90411348479145, 46.00394800208114, 7.690756615169055, 0.03168827894721039, 0.2031381727014069, 198.79080879125144, 1.2369418057189403, 212.41460490919437, 46.13280289843065, 7.707151939445821, 0.02991037789931797, 0.2027026543233333, 199.654584378143, 1.2356699249098193, 212.9621335027991, 46.25139364733271, 7.716963943675038, 0.028017991289168303, 0.20230721263331444, 202.1653673271465]}