{"obs_size": 140124, "obs_mean": [343.4146675040157, 83.62110701949702, 2.898554137763695, 0.09646426759156165, 0.25796543969627084, 227.4957652079799, 1.5922896577317203, 346.0640290885164, 84.17584425223373, 2.909415945876509, 0.09619119423510497, 0.2581493352601995, 229.24436401094167, 1.5946495889355141, 348.6807478852013, 84.73984470897206, 2.9204775770032256, 0.09591796310410766, 0.2583191426236773, 231.00294797942354, 1.597250435328707, 351.3158333000253, 85.30045531101025, 2.9334089806171675, 0.095644754367559, 0.2584925430190413, 232.83013979524003, 1.6002877380034795, 353.9570267382181, 85.86243612800091, 2.9438640061659673, 0.09537146043504044, 0.2587054394322182, 234.720217317051, 1.60346256886757, 356.597465278368, 86.42989066826524, 2.9566526790556935, 0.09509819293625303, 0.2589364255516554, 236.59555180649983, 1.6070958079986248, 359.22029658968313, 86.99094373554851, 2.9681210927464248, 0.09482523403556525, 0.25919523082412843, 238.46115876414325, 1.6099615055236745, 361.8021589687192, 87.54954897091147, 2.9811952270845823, 0.09455195933601439, 0.25939784155462436, 240.37438313208065, 1.6134599783049273, 364.3466953269932, 88.09944049556107, 2.992970511832377, 0.09427870022265729, 0.2596255546087766, 247.9637482562975], "obs_std": [441.9636646004571, 100.96391220839345, 6.267925934033526, 0.047241264300000564, 0.23076029935357728, 218.0425239182845, 1.2556308462551584, 442.8045330008281, 101.12500708400015, 6.275184887073392, 0.04551569826067998, 0.23069382300275418, 218.41410504018714, 1.2515294028408726, 443.60900114285795, 101.29158483377535, 6.284345488056739, 0.04372020292310768, 0.23035314764535716, 218.76143834390794, 1.248156429136449, 444.3882913609002, 101.45908085598927, 6.294149900135307, 0.041845962254711315, 0.23006042408729035, 219.1710740069866, 1.2445280203999693, 445.1515538927183, 101.61928054630658, 6.301836469598824, 0.03988180679430171, 0.22981030854344323, 219.63553314232846, 1.2406013988892404, 445.94459822360625, 101.77780205788788, 6.310812852262845, 0.03781385227585613, 0.22951224031711523, 220.05717159587667, 1.2374821947583508, 446.688131092395, 101.93308595103656, 6.3214236121343585, 0.03562405458288067, 0.22934868724389537, 220.5249299800396, 1.2336435269984998, 447.35584166655025, 102.0873294555018, 6.333397627238383, 0.033288229019825324, 0.22906929813640825, 221.0396356989151, 1.2311857920493694, 447.9678288599929, 102.22104748046674, 6.342112367620359, 0.030773183136433, 0.2287468714632382, 223.148332575457]}