{"obs_size": 140916, "obs_mean": [344.1822763159088, 83.7658747054983, 2.8932413636492664, 0.09642819593232817, 0.2577857370632168, 228.07273115427842, 1.591871675324303, 346.778615638626, 84.32583950722416, 2.904042124386159, 0.09615655182520069, 0.2579482044125594, 229.82398265635203, 1.5944813434954104, 349.40111487221304, 84.88412955235744, 2.916879559453859, 0.0958848439141037, 0.2581212679539597, 231.63670054028867, 1.5974852252405651, 352.03192798546235, 85.44264668313038, 2.9276803201907518, 0.09561308795310496, 0.2583369415893166, 233.51297235233434, 1.600613571205538, 354.6556704088445, 86.00804734735587, 2.9402977660450196, 0.09534136206676225, 0.2585525222898757, 235.37779675362927, 1.6042463808226146, 357.2617121831405, 86.56654318885009, 2.951573987339976, 0.09506997425416362, 0.25882688367538176, 237.23800359552666, 1.6071622384966897, 359.8310247759855, 87.12171080643787, 2.9644114224076756, 0.09479837723891897, 0.25902832102813084, 239.13171477097504, 1.610580657980638, 362.3552323369921, 87.6661202418462, 2.9765250219989214, 0.09452666161400727, 0.2592557516392755, 241.03763299648554, 1.613912536546595, 364.88252198472577, 88.21065741292685, 2.9877089897527607, 0.09425487691957973, 0.2595088169334935, 246.99188248317188], "obs_std": [442.2823199818859, 100.98815887436835, 6.261704770128216, 0.047143235964623935, 0.2308724819537778, 218.3646750409946, 1.256181631107743, 443.0884981927441, 101.15643777066795, 6.270603133953168, 0.04542350308229614, 0.23054124267249987, 218.71755931574856, 1.2528764473646399, 443.87865831055416, 101.32538115126596, 6.28017618545881, 0.04363432765124075, 0.23024525366907253, 219.12875526830734, 1.249266558569374, 444.65667639864023, 101.48776958526953, 6.288509051729461, 0.041766752058234886, 0.2300051911791993, 219.59711627424417, 1.2453781938054012, 445.44748535552094, 101.64782661560336, 6.297454169357063, 0.0398098618005328, 0.22967316269701638, 220.02130857191972, 1.2422945258552793, 446.1961196324805, 101.80479531396577, 6.307466817077396, 0.037749787104988594, 0.2295518872136531, 220.49907402438396, 1.2384817666740522, 446.88011422010476, 101.96030514842606, 6.319119220972852, 0.03556855236002518, 0.22923773175792736, 221.01093937024308, 1.236054846218234, 447.49594471708275, 102.09573943962067, 6.328839147135367, 0.033242205283670646, 0.22895097922783245, 221.47593718872363, 1.232561423252258, 448.0834412222822, 102.22584474240603, 6.338083195173752, 0.03073781754364127, 0.22872678779458722, 222.97867927442712]}