{"obs_size": 704379660, "obs_mean": [4502.910940699107, 534.2885259477825, 2.2245881404355132, 0.05821395159216623, 0.09071421804670933, 597.8366196102806, 0.48914885604529684, 4503.524032205153, 534.5306789579927, 2.1264438655142364, 0.05806268277332486, 0.090707587921802, 598.6381919646643, 0.48918595462889564, 4504.082835546475, 534.7790723897392, 1.9980383022417214, 0.057855920349560275, 0.09069954135820435, 599.5542747120234, 0.489194132411864, 4504.512900875288, 535.0766698501781, 1.8512302924817563, 0.05771582402238341, 0.09068815721820106, 600.6073148587508, 0.4891950898655934, 4505.333616053712, 535.3825862603697, 1.6928261329976508, 0.057508380738792476, 0.0906730482827144, 601.7398421474954, 0.48912917166107517, 4506.81784669054, 535.7340603872633, 1.5206616741318182, 0.057331115775252815, 0.09065512655263923, 603.0080593214682, 0.48915754699422465, 4508.326783617956, 536.1002118828932, 1.3334929659950716, 0.05713521565616922, 0.09064060524023211, 604.3756533977778, 0.48917621657187366, 4510.585764263249, 536.480627220269, 1.130659592016044, 0.05687801494164392, 0.0906277837678433, 605.8759806735376, 0.48920816298026143, 4512.828433965921, 536.8858166049249, 0.9138324522317979, 0.05674245533956372, 0.09061401976603355, 610.2633533621596], "obs_std": [8500.87327172892, 520.7136530678765, 22.632547183947093, 2.7227187463870806, 0.10232024880835168, 472.07894444949494, 0.728846705057984, 8501.268726538185, 520.7197891762112, 21.95471368315353, 2.6047428828919488, 0.10211570139268261, 471.9849744001565, 0.7273106454505179, 8502.794822889013, 520.7237049258849, 20.988181906538735, 2.433204047127636, 0.10184574176367928, 471.827210092164, 0.7260962992823966, 8502.491627740723, 520.7176627324944, 19.831483229758962, 2.3117839927326194, 0.10182595950499433, 471.6662938058521, 0.7244275686974954, 8503.255592522442, 520.7049563220545, 18.4930919031874, 2.1166344219273956, 0.10142930783173101, 471.4450953667426, 0.7222759398793238, 8505.690966823553, 520.6811479497167, 16.920872639775688, 1.935685067502775, 0.10123002713747535, 471.24484107714505, 0.7207277777220159, 8504.435042719182, 520.6738026296405, 15.023144526236099, 1.7131982753153048, 0.10096732694229826, 470.9820626961431, 0.7189435785511178, 8507.02735845803, 520.6572461008188, 12.668880408573084, 1.364309475837224, 0.10059862695472739, 470.64094737287644, 0.7167403096324295, 8507.586656843654, 520.6419905132644, 9.556410169681545, 1.1451596687720411, 0.10039130620720789, 469.2132558787937]}