{"obs_size": 704362101, "obs_mean": [4509.847483730095, 534.7301819479916, 2.0798760707314097, 0.05811579717046094, 0.09067366075571108, 599.2589561093441, 0.4895619898916183, 4510.9638125943575, 534.9403009007149, 1.996565587505964, 0.05790384795431877, 0.09066419246392572, 599.9923293440019, 0.4896372980631442, 4511.562087781162, 535.1790597447266, 1.8978433594058464, 0.057758555589746935, 0.09065745689090797, 600.8257768183887, 0.4896973535700412, 4511.7677823683725, 535.4396810043586, 1.7692122350574904, 0.05757613785713513, 0.09064860927110818, 601.7676129874646, 0.48970333260586113, 4512.414360478033, 535.7345955486037, 1.6214188275868076, 0.05738118534812711, 0.09063707798872893, 602.8065607149788, 0.4896822060963546, 4513.02983433148, 536.0615304698226, 1.4615282644231895, 0.05720417668440142, 0.09062400081624784, 603.9416982942397, 0.4896725577931605, 4514.519043501825, 536.4103643134541, 1.2889054191176585, 0.0570329254147395, 0.09061148373799159, 605.2090101159126, 0.4896526036255331, 4516.279591199538, 536.7774006086113, 1.1009468310391097, 0.05685535556189894, 0.09059382815185409, 606.5644829272347, 0.48965758930101255, 4518.273363543799, 537.1607929143805, 0.8976693622532085, 0.056659016394065044, 0.09058255481980974, 611.905574021107], "obs_std": [8515.94333324345, 520.8300263527103, 21.631221401992686, 2.6644170360920127, 0.1021216556935214, 471.9289678550554, 0.7278397002412349, 8517.937387874535, 520.8388312999416, 21.034065082660614, 2.4917272561789585, 0.10192933689678729, 471.82017129798, 0.7263564311614298, 8515.047556673273, 520.8458604084444, 20.29757344851186, 2.367776397729117, 0.10178488480058742, 471.75647415657835, 0.7260080495471054, 8514.404819888428, 520.8512447872554, 19.24264739903183, 2.2015662438632297, 0.1015094760512293, 471.6453657063281, 0.724019352651532, 8515.961262047862, 520.8489405626602, 17.96484231453649, 2.0087422780922366, 0.10138732137782465, 471.44532024036516, 0.7222894345632056, 8516.753726246297, 520.8340381484312, 16.461011670304366, 1.8170753153627728, 0.10102980661352814, 471.2285824771355, 0.7210421299063403, 8517.856071806827, 520.8107261072109, 14.661081263362382, 1.6107974343182827, 0.10076478225249151, 470.9982007480766, 0.7183770799571247, 8518.837309934399, 520.7943690081325, 12.424199904940076, 1.3643260481984782, 0.10048240996869066, 470.6727791213106, 0.7164426686060358, 8518.516720303041, 520.7877801162748, 9.429684142198258, 1.024468057603459, 0.10020922044043573, 469.14149167077863]}