{"obs_size": 704328770, "obs_mean": [4522.1165644884495, 535.5471262660482, 1.7973846205373665, 0.05799741450951752, 0.09060612117834262, 602.1760690962747, 0.49050517901831514, 4522.967766467057, 535.7571323204639, 1.7280030318795583, 0.05784077561265966, 0.09060784118156465, 602.8542618453729, 0.49060802391521485, 4524.350142683797, 535.9717992635739, 1.652208389840444, 0.057671659742482825, 0.09060358540495783, 603.5533549504096, 0.4906758372875069, 4524.901737461638, 536.2027022352082, 1.568786103966759, 0.05747179812843291, 0.09059637206699359, 604.3118584466712, 0.4907468578261594, 4525.867149200947, 536.4371388691101, 1.4689755282891537, 0.057277671374341796, 0.09059009274436858, 605.1188753052126, 0.49076760332695146, 4526.364353840608, 536.6962144099257, 1.338231818927403, 0.057143990069589666, 0.09058102121909477, 606.0495781974411, 0.49076204101581833, 4526.693273685623, 536.9948181500528, 1.1889751245004514, 0.05692450598878033, 0.09057242425376565, 607.0921083946133, 0.4907457047232547, 4527.739703187979, 537.3187424176922, 1.0274370973089733, 0.05668634303995169, 0.09055022210633944, 608.2816187723594, 0.4907335559174813, 4528.939843402286, 537.6795520222753, 0.8534145509915774, 0.056502867899125016, 0.09054007774519976, 614.3376163498771], "obs_std": [8537.042108579011, 521.030806508424, 19.501668545166815, 2.599803887667949, 0.10152879148303419, 471.6199925380336, 0.7248755969566101, 8538.529578436566, 521.0612213482399, 18.95931903810861, 2.4706745796714578, 0.10139744216690307, 471.57956448325825, 0.7239516850317737, 8540.039693793968, 521.0808889060012, 18.34645381272668, 2.323167177035638, 0.10125221668574924, 471.4668047747415, 0.7223524845773186, 8537.757306983878, 521.096299899894, 17.636647624218828, 2.1351883473051507, 0.10103370837034797, 471.38524778220324, 0.7217033972172009, 8539.430681820948, 521.1147078071923, 16.736893235450353, 1.935753755874831, 0.10084896281948771, 471.27066192747264, 0.7199011244999257, 8539.981330429486, 521.1033244600313, 15.420874468664735, 1.7880587670673789, 0.10069227992348424, 471.0987128492452, 0.718187817636705, 8540.561517306009, 521.1081986623258, 13.766577162345142, 1.510135025151094, 0.10053353766120848, 470.90704983315794, 0.7170666613302604, 8540.791103089545, 521.091465534192, 11.710164409486575, 1.1337070171252346, 0.1002096529452069, 470.7141730383114, 0.7146177264899667, 8540.994960427664, 521.0848326961443, 8.974976598860247, 0.7251096624692235, 0.1000067224205098, 469.12837821359403]}