{"obs_size": 704345114, "obs_mean": [4515.6483015392205, 535.1854611346106, 1.9359231403712136, 0.058140141607854634, 0.0906415049010121, 600.7083748999464, 0.4900284287605048, 4516.929189018644, 535.3928549818822, 1.8610958661381443, 0.05791626426713246, 0.0906391806887553, 601.4103174133493, 0.49006523468529267, 4518.075985270109, 535.6143584137941, 1.7768888022697351, 0.05768595238955022, 0.09063223135262777, 602.1599364653689, 0.49015310768986303, 4518.699762952085, 535.8572857850473, 1.6776514005888319, 0.05750404813916864, 0.0906307766530484, 602.9949830556576, 0.49021487344699477, 4519.405799341173, 536.1187105161061, 1.5480455579620873, 0.05732161556968253, 0.09061626848560612, 603.9354682193061, 0.49020645614588326, 4519.685073040976, 536.4075948626511, 1.3994843882738992, 0.0571754152703971, 0.09060132140689606, 604.9859657415062, 0.4901659382204193, 4520.600615477064, 536.7389918757929, 1.2389423290583084, 0.057004464060068975, 0.09058649692833808, 606.1285373773852, 0.4901622294485805, 4522.071217828266, 537.0920650767804, 1.0649318737234827, 0.05678443289169628, 0.09057441412292941, 607.3742991047723, 0.4901445903327024, 4523.962692125545, 537.4703480671825, 0.8756002813700213, 0.056594595494205646, 0.09056097196235792, 613.2441711573861], "obs_std": [8524.69263074643, 520.9463458923226, 20.58181723599006, 2.6986314334927317, 0.1019801470277596, 471.73098718158707, 0.726301942170366, 8525.377939715598, 520.9611718119742, 20.026654357098845, 2.517895596804832, 0.10182620759920473, 471.67674728431683, 0.7248303554387623, 8526.276054826023, 520.9700643369597, 19.377782335495457, 2.3174976126506532, 0.10171394166365236, 471.5901570569643, 0.723708819402773, 8525.790794152472, 520.9961706726184, 18.566514508459, 2.147395160994634, 0.10147002510941966, 471.4922067551359, 0.7224623667631802, 8528.40449052659, 521.0023153257245, 17.399115211093783, 1.9626044788716777, 0.10123311946843498, 471.3713440226692, 0.7209830192882069, 8527.157686419532, 520.9804692819437, 15.963346813056901, 1.8026264800752483, 0.1009391074519823, 471.19516855785025, 0.7192821493546623, 8528.50417307669, 520.9726194098965, 14.246875110098374, 1.5944751030561026, 0.10068162183320373, 470.9402362887591, 0.7173912303627968, 8530.199897319859, 520.9651822795051, 12.094511004846238, 1.275039420198718, 0.1003878820939237, 470.6786250350569, 0.7156303735884659, 8530.543945331847, 520.961677155937, 9.208860685104264, 0.9165401501643685, 0.1002724340776041, 469.07217561471475]}