{"obs_size": 45441, "obs_mean": [171.41574843570024, 45.27591822363064, 4.272265135010233, 0.0986235472150755, 0.2987428362712076, 211.39844093806585, 2.0641905107722165, 172.57427151691155, 45.523954138333224, 4.298540965207632, 0.09841240120156308, 0.2992307845337899, 213.02436012998595, 2.0692619880724497, 173.75240879382002, 45.75979841992914, 4.331682841486763, 0.09820109781915402, 0.2996623936533073, 214.63761177497656, 2.07384588807465, 174.98149678337435, 46.00845051825444, 4.359169032371646, 0.09798975568319723, 0.3001571021984535, 216.29564091165972, 2.078354063510931, 176.21095430704958, 46.25272331154684, 4.3888778856099115, 0.09777808479127137, 0.3005805509781897, 217.95661060862972, 2.0829208864241577, 177.3869573439547, 46.50533659030391, 4.4138113157721, 0.09756616271649343, 0.30109115195528074, 219.7073153906553, 2.088702053211859, 178.6015387132028, 46.752448229572416, 4.435685834378645, 0.09735423122290804, 0.3016262089522656, 221.45800426927474, 2.0943016438898776, 179.71873267166916, 46.98794040624106, 4.474527409167932, 0.09714233837283813, 0.30217355091216974, 223.27068437461293, 2.1013877335445956, 180.7490128738362, 47.208820228428074, 4.502673796791444, 0.096930476574023, 0.3026763083558878, 225.65435622749195], "obs_std": [219.76612935105445, 47.95838051568703, 7.839827659459253, 0.03715724929280955, 0.20853886238937686, 207.69362206245222, 1.339785000865933, 220.21374167282818, 48.062189714440876, 7.867770115489033, 0.036056759134692515, 0.20828376916257, 208.25589330517727, 1.3378789311514758, 220.60291117080064, 48.14045016689346, 7.897941235818984, 0.034920110821395886, 0.20815916247979355, 208.79968780523484, 1.335908032662269, 221.07701159134504, 48.22525068573538, 7.918439186434449, 0.03374380849587792, 0.20807477131588134, 209.4021575729567, 1.3346171314241626, 221.5078234195641, 48.30829690687461, 7.941749953907724, 0.03252367459469913, 0.20792133523390502, 209.98274779595883, 1.3332258249106814, 221.83575455760064, 48.396900339777595, 7.958698059674783, 0.03125438980782133, 0.20777447778081848, 210.74760566255313, 1.3342586065200621, 222.26884565972992, 48.47875880238295, 7.976426906188451, 0.0299298289563035, 0.20786759378789535, 211.61502264376173, 1.3350015259138055, 222.54390860753327, 48.54625413736222, 8.011491226355492, 0.028542625891434508, 0.20786353924902748, 212.56002427392997, 1.3373350439487381, 222.69671624156493, 48.592741628347554, 8.037200765107341, 0.027082781153064325, 0.20756641993179883, 213.53696324509463]}