{"obs_size": 63800, "obs_mean": [278.0676951828622, 67.72539184952979, 4.022382445141066, 0.09030937148902955, 0.23099972799373117, 218.2218642424492, 1.5709054075235023, 281.00849007314486, 68.37650470219435, 4.0461442006269595, 0.09004255357366918, 0.2316372453291541, 220.13770735634648, 1.5775616771159808, 283.90409217345854, 69.00796238244514, 4.072648902821316, 0.08977675208464124, 0.23241167626959253, 222.07880665624134, 1.5841026959247568, 286.8810314942519, 69.63716300940439, 4.099388714733542, 0.08951107832288584, 0.23304791227272723, 224.08482076282402, 1.590158479623817, 289.9223553291538, 70.27677115987461, 4.125830721003135, 0.0892456135736689, 0.2334435753448272, 226.1283819958432, 1.5960229153604946, 292.9805434273772, 70.9137617554859, 4.153636363636363, 0.08898022504702324, 0.23381304145767956, 228.25635421109826, 1.6022013793103391, 296.03383482758585, 71.54739811912226, 4.182617554858934, 0.08871484500000194, 0.23428469199059473, 230.4270982445353, 1.6084783699059493, 299.08481474399093, 72.18373040752351, 4.209169278996865, 0.08844949617555119, 0.23476054605015534, 232.5040702299057, 1.6139908150470141, 302.102541619644, 72.81211598746081, 4.2369278996865205, 0.08818413913793352, 0.23519867177115802, 236.70956453502566], "obs_std": [355.4128512038587, 74.73459884380037, 8.531992198524796, 0.031457265870265774, 0.17177495335027484, 200.2283901885459, 1.1349040766512397, 356.4089269575009, 74.99645540010081, 8.547272339359289, 0.03008588815669547, 0.17178494028868807, 199.98490994678562, 1.1358042908601809, 357.39252110052644, 75.22951652134591, 8.56277233723149, 0.02864713038522791, 0.17233848745254152, 199.73023756456462, 1.1361714179049773, 358.4706396158438, 75.45084863240804, 8.581355798352073, 0.027129410303500252, 0.17237061250450764, 199.54858529006177, 1.1359593530702319, 359.5059570428486, 75.67231501542919, 8.598476054166884, 0.02551875889861203, 0.17209626390521318, 199.37830040007378, 1.1365281973595813, 360.389231550306, 75.88153172962693, 8.618168146424942, 0.023796365974595734, 0.1718016690163161, 199.269967177008, 1.1370832550630585, 361.28102540350477, 76.08587219566274, 8.641580716878751, 0.02193595306303848, 0.17147287840963554, 199.17549929772017, 1.1368918840648454, 362.2218587946099, 76.2944147135932, 8.661967490966296, 0.019898835693407693, 0.1712052808430646, 198.98415103472013, 1.1359978049962824, 363.10119403430207, 76.48579486143025, 8.68131763205543, 0.017623866980373024, 0.17096438562533695, 197.97118034300465]}