{"obs_size": 44873, "obs_mean": [170.79169499104887, 45.158982015911576, 4.266507699507499, 0.09869678363381526, 0.2990401829385148, 209.8587592687496, 2.0595739754418116, 171.91747436840234, 45.389922670648275, 4.289483653867582, 0.09848317970717713, 0.2995274205201336, 211.63053127715884, 2.0661916742807525, 173.13982677036634, 45.64334900719809, 4.327167784636641, 0.09826960455062453, 0.30002398054509266, 213.361171216544, 2.0716242729481023, 174.2997230108673, 45.8927640229091, 4.349386045060504, 0.09805578586232702, 0.30048780937311836, 215.02192100669313, 2.0767931718405315, 175.49830634605755, 46.13054620818755, 4.382858288948811, 0.09784162908653736, 0.3009075351324834, 216.66511014047146, 2.081472466739468, 176.73722523566462, 46.383883404274286, 4.4128540547768145, 0.09762740670336675, 0.3014072539166073, 218.3464296867468, 2.0859170547991024, 177.99845094674535, 46.631627036302454, 4.438615648608295, 0.09741305785216381, 0.30182249646780723, 220.03045901395953, 2.090368016401849, 179.19029631775538, 46.88491966215764, 4.468878835825552, 0.09719845327925813, 0.30234149793862464, 221.82763061677974, 2.096634212109732, 180.42030729688926, 47.13783344104473, 4.487420052147171, 0.09698384061685603, 0.3029044717758987, 227.8638510017172], "obs_std": [219.42634716728264, 47.89269929850104, 7.816035249713817, 0.037313352403897555, 0.20884377047658317, 206.23095043409413, 1.3358703236127778, 219.74771549967514, 47.97462134370939, 7.837247615657672, 0.03620376613172699, 0.20864789112750656, 206.97803999419932, 1.3369320143789867, 220.28178029270063, 48.08000239405802, 7.880409829808852, 0.035057777679809214, 0.20855958299504884, 207.729720239122, 1.3355257072897049, 220.69843049042777, 48.1827794665699, 7.900801653085206, 0.03387188631395049, 0.20816732968070178, 208.311538941076, 1.3335345037577566, 221.0918870985338, 48.26189455910695, 7.9322512034489385, 0.03264136458641664, 0.20801753726892688, 208.8294106346054, 1.3315220629854536, 221.5619708719127, 48.34479082868468, 7.954099521039058, 0.03136086226032305, 0.20790739858659021, 209.45021134535028, 1.3298984875516815, 222.00644930545587, 48.42905307744673, 7.974475089560023, 0.030024474387991894, 0.20778305064821223, 210.00825244958847, 1.3284224447980089, 222.3211830123596, 48.51437325748596, 7.994324738703374, 0.02862402127796066, 0.20761706823534815, 210.80421221467776, 1.3302296519664198, 222.75664385939154, 48.59685096072629, 8.010190549826477, 0.02714973474764768, 0.20769985552978004, 213.47443580208036]}