{"obs_size": 62717, "obs_mean": [276.6344006356603, 67.36548304287514, 4.028206068530063, 0.09040068907951775, 0.23118455547937625, 217.73112056807847, 1.5700101567358127, 279.5705501857552, 68.02506497440885, 4.061179584482677, 0.09012850279828609, 0.23175914147679294, 219.67073960810447, 1.5757431796801487, 282.6796025426379, 68.69123204234896, 4.092622414975206, 0.08985668399317787, 0.2322833020552642, 221.62775065773928, 1.5823965910359208, 285.6767653002107, 69.35413045904619, 4.116746655611716, 0.08958521628904731, 0.23291574718178468, 223.5779495405512, 1.5892241497520574, 288.624667931608, 69.99677918267774, 4.143948211808601, 0.08931478256294416, 0.2337028162699105, 225.55307294675092, 1.595883077953339, 291.65321646974917, 70.63716376739958, 4.17084681984151, 0.08904452113462284, 0.23435694191367518, 227.6027373439632, 1.6021539295565714, 294.74910416633446, 71.2899851714846, 4.197187365467098, 0.08877446929859764, 0.23478044550919103, 229.6823372610505, 1.6082068498174247, 297.8596773548904, 71.93998437425259, 4.226796562335571, 0.088504494188181, 0.2351881824545165, 231.83084975367504, 1.6142334135880159, 300.9745310840756, 72.58789482915319, 4.256230368161742, 0.08823448586507888, 0.23565197833123247, 240.08999091157287], "obs_std": [354.6020196714341, 74.47952824447853, 8.543070701426048, 0.031705521693884096, 0.17216992006269224, 200.67275598611505, 1.1323631598376267, 355.5279159739205, 74.73515873648196, 8.565796487204206, 0.030321964871096677, 0.17201520488255745, 200.48451662243488, 1.1316390657575353, 356.6772128316516, 74.99538597971123, 8.590683688513133, 0.02886968336061026, 0.1717956137809609, 200.24985649276968, 1.1333736880141199, 357.64695694248286, 75.25144172598525, 8.605788052596097, 0.027337803171304173, 0.1717546250093346, 199.96775690495852, 1.1342681610429197, 358.60482044427516, 75.47930145259434, 8.621758337593064, 0.025712745633630515, 0.1723056925790979, 199.65982210591795, 1.134514332464067, 359.6576551909585, 75.69522614306295, 8.640012376583336, 0.02397455676946392, 0.17233965863296968, 199.44215698722087, 1.134432431634865, 360.67742040544147, 75.91183280197468, 8.656824610421195, 0.02209669772012965, 0.17214925932015654, 199.23419354008917, 1.1349817464469287, 361.54286417467796, 76.11923951483094, 8.67806617080188, 0.020040002566627062, 0.17188317049119026, 199.07841373643114, 1.1352080454862123, 362.4039666402176, 76.32189399051785, 8.700535730732975, 0.017742432702375195, 0.17145382116618857, 197.9284606515774]}