{"obs_size": 64368, "obs_mean": [278.7079738172174, 67.89370494655729, 4.012273179219488, 0.09026502863224133, 0.2310071214734037, 218.45580340130184, 1.5719261278896273, 281.5780243702873, 68.51959047974148, 4.038543997017151, 0.09000157264479401, 0.23177471863348287, 220.3797739353137, 1.5784094270444855, 284.5286944030151, 69.14323887646036, 4.065047849863286, 0.08973824325752071, 0.23240534032438506, 222.36808645084918, 1.584411772930643, 287.5431808041266, 69.77720295799155, 4.0912565249813575, 0.08947512103840564, 0.2327975119624657, 224.39361476719608, 1.590224459358681, 290.5743826539066, 70.40857258264977, 4.118816803380562, 0.08921207436925345, 0.23316371781009151, 226.50280920128247, 1.5963484029331283, 293.60073101541104, 71.03661757394978, 4.147542257022123, 0.08894903610489845, 0.23363120637583837, 228.6543980238852, 1.6025700037285546, 296.62478829024707, 71.66733470047228, 4.17385968182948, 0.08868602878759729, 0.23410286137521663, 230.7130422674011, 1.6080338056176897, 299.6158859578252, 72.29017524235645, 4.201373353218991, 0.08842301332960588, 0.2345371209607245, 232.63561255077119, 1.6127983314690442, 302.746081085839, 72.92996520009943, 4.229632736763609, 0.08815986266467982, 0.2349561118878927, 234.8814261952326], "obs_std": [355.7559781947071, 74.86074182316128, 8.51947249752196, 0.0313300597398148, 0.1717869499377423, 199.9712448657416, 1.13647712439972, 356.7512999861318, 75.09621420899605, 8.534990499797921, 0.02996553974117349, 0.1723384356548003, 199.73508821660573, 1.1368731001215218, 357.8411230757766, 75.32005115862036, 8.553576021865249, 0.02853325110860963, 0.17237261784496768, 199.57206015294818, 1.1366932415154958, 358.8889894580261, 75.54411498525634, 8.570705725405919, 0.027022527825687558, 0.17210216347236038, 199.4208277230438, 1.1372862077049735, 359.7861393946857, 75.75602605687627, 8.590398662702944, 0.025419439002661786, 0.17181156092569233, 199.33192995311305, 1.1378673562470043, 360.6918537656441, 75.96310043835184, 8.613796270616842, 0.023705278858126073, 0.1714874689986224, 199.25736417563536, 1.137709963908834, 361.6463735683737, 76.17439096748414, 8.634175652127647, 0.021853917249069005, 0.17122406310250882, 199.0862093781723, 1.1368529285281341, 362.5397488730648, 76.36861687220268, 8.653529485755051, 0.019826977303188786, 0.17098699657378613, 198.72478006719362, 1.1352195048880607, 363.56319349643474, 76.56812214320075, 8.671129750653241, 0.017563815866551247, 0.17070399643535117, 198.1207939467323]}