{"obs_size": 44620, "obs_mean": [170.56211813835367, 45.097265800089644, 4.263805468399821, 0.09872741669655297, 0.2990533782160457, 209.127658015835, 2.056842335275668, 171.70898692663977, 45.35773195876288, 4.288794262662483, 0.09851394430748968, 0.2996440887046161, 210.8692718511863, 2.063125930076205, 172.8502441954276, 45.58895114298521, 4.318780815777679, 0.09829902420439691, 0.30016095605109716, 212.6576872852222, 2.0698275437023805, 174.06616073509596, 45.84204392649036, 4.3522635589421785, 0.0980842380546875, 0.30062986398475894, 214.41247073061382, 2.0753243612729757, 175.23819834155043, 46.09181981174361, 4.374518153294487, 0.0978690272523565, 0.30107887776781567, 216.0922081428361, 2.0805601523980295, 176.4378184670545, 46.3324966382788, 4.410354101299865, 0.09765344993276924, 0.3014997245629746, 217.74703055431144, 2.0851446436575536, 177.70005982369594, 46.58765127745406, 4.436172120125504, 0.09743801425370224, 0.30198863366203316, 219.43993006125928, 2.0894397803675497, 178.96939878977975, 46.834267144778124, 4.467122366651726, 0.09722245002241656, 0.3024081790004464, 221.15795232332442, 2.094330165844914, 180.16805786642692, 47.09168534289556, 4.493926490363066, 0.09700663007620368, 0.3029513872702803, 228.90984338861566], "obs_std": [219.33764670759868, 47.86964451168269, 7.809130127836446, 0.03738311227153531, 0.20893149309769793, 205.5008532091149, 1.3338204066108879, 219.71059600062873, 47.963013793148335, 7.830397098265094, 0.036270401083591634, 0.20877516175199395, 206.23571092908253, 1.3338043503578727, 220.03999049186194, 48.041280049710664, 7.860621437181417, 0.035119933934109664, 0.20870313347023914, 206.99546557083303, 1.33477824935186, 220.54460754147567, 48.1458951915057, 7.896139348786212, 0.03392937424441103, 0.20848139665168597, 207.77110058155057, 1.3333205301572977, 220.96785891407606, 48.24998236441926, 7.917784659910278, 0.03269434234132554, 0.20806441768441936, 208.33057639088352, 1.3313166190977137, 221.35883169825163, 48.32762161747952, 7.950607294512647, 0.03140892456447925, 0.20789076154689684, 208.87020541057504, 1.3289883689373356, 221.8449187068269, 48.41212082019993, 7.96948350731561, 0.030066916413230765, 0.20781243447111525, 209.47227917863708, 1.3273040194655576, 222.27880531550343, 48.493502179133465, 7.992792540641238, 0.028660735928217287, 0.20767201059852433, 210.06407187372002, 1.3266026748691089, 222.5975873194534, 48.579885623662236, 8.01073819055902, 0.027180048310442326, 0.20749515221382814, 213.63439550659052]}