{"obs_size": 62178, "obs_mean": [276.0026784285985, 67.19331596384573, 4.0274212744057385, 0.0904473932419852, 0.2313127595612605, 217.40239671054272, 1.5698091125478453, 278.93618270127763, 67.8474219177201, 4.062948309691531, 0.09017313134871163, 0.23182999729808004, 219.43645318282094, 1.5757236482357087, 281.8996417060698, 68.51225513847342, 4.097349544855094, 0.08989858557689522, 0.2324056057126316, 221.39092393882194, 1.5814895943902956, 285.03942292557855, 69.18521020296568, 4.127874811026408, 0.08962436773457069, 0.23292204824857665, 223.36814577505487, 1.5882742931583487, 288.06110860218473, 69.8531313326257, 4.15363955096658, 0.08935054676895589, 0.23357149651001924, 225.33251364364673, 1.5950924281900325, 291.0362291271295, 70.50239634597446, 4.1793399594711955, 0.08907776874457445, 0.23436083067966068, 227.33658380779872, 1.6019891440702456, 294.091431481659, 71.14947409051433, 4.207645791115829, 0.08880516145582282, 0.2350463747788596, 229.3929478486699, 1.6082222651098417, 297.2133285084756, 71.80883913924539, 4.23437550258934, 0.08853276781176897, 0.23547996884750091, 231.485297189808, 1.6141589147286768, 300.3606086397115, 72.46694972498311, 4.264032294380649, 0.08826040712149183, 0.2358686832320097, 241.3466039006459], "obs_std": [354.308748515867, 74.36790066680507, 8.54095401611032, 0.03183044463962373, 0.17236883182916427, 200.7980988574019, 1.131863262672813, 355.2485234132451, 74.6129931082992, 8.571634992352474, 0.030441818066823324, 0.17219991429149936, 200.69551515741708, 1.1315836075081351, 356.1615647733117, 74.86547953764891, 8.596454366881206, 0.028983033057820143, 0.17200785589695058, 200.49795839250532, 1.1308934391699377, 357.29699932967424, 75.12285338539584, 8.61909998848954, 0.027444153115854346, 0.1717715548452178, 200.23409888696676, 1.1325869200960994, 358.25395348407204, 75.37650281366231, 8.636947116974794, 0.025810930548053872, 0.1717342570902174, 199.9277484347655, 1.1334177672631158, 359.1978771941663, 75.60135065695478, 8.649830593878512, 0.024064869618399317, 0.17228696570945087, 199.60698627531218, 1.133867259727731, 360.2496203612756, 75.81544782253694, 8.67084604415408, 0.02217822220329626, 0.1724112722850768, 199.36366151994386, 1.133548942195946, 361.25498447655406, 76.03211595926288, 8.686454551717297, 0.02011161899087514, 0.17216161168897845, 199.13313638586237, 1.1339974563438342, 362.1042652668673, 76.237720824938, 8.70791172189819, 0.01780257951498601, 0.17185590233916126, 198.15740065241195]}