{"obs_size": 63258, "obs_mean": [277.27448689493804, 67.54393120237756, 4.026621138828291, 0.09035448962977194, 0.2311154732523956, 217.97040958194847, 1.5699904834171146, 280.35512450599055, 68.20485946441556, 4.056672673812008, 0.09008499549464298, 0.23163904195516827, 219.91261241268313, 1.5766034809826386, 283.3229416463791, 68.86109266812103, 4.0817604097505455, 0.08981589146037017, 0.23227813070283618, 221.8429419520296, 1.583300294033949, 286.2470665633858, 69.49895665370389, 4.107322394005501, 0.089547770558666, 0.23304714456669495, 223.80386345866324, 1.5899697113408469, 289.2480789886907, 70.13283695342882, 4.13569825160454, 0.08927982048120602, 0.23370015588542126, 225.82437536229554, 1.5960099434063604, 292.3170962724083, 70.77895285971735, 4.160659521325366, 0.08901208120712288, 0.2340947290935527, 227.89706919812065, 1.602101615605925, 295.40188071074016, 71.42252363337444, 4.18985740933953, 0.08874441580511816, 0.2344926692908396, 230.0323948275525, 1.608242498972456, 298.48051923867297, 72.06245850327231, 4.219244996680262, 0.08847676115274195, 0.23497467063454308, 232.2165501702224, 1.614407410920351, 301.56721632046475, 72.70667741629518, 4.24581871067691, 0.08820909431218414, 0.23543242987448074, 238.46142953198876], "obs_std": [354.8867605772648, 74.60264806567378, 8.537395140194922, 0.03158070402793506, 0.1719857757745456, 200.46699003846237, 1.1324483143510802, 356.0482131581769, 74.86596053161232, 8.560192466994794, 0.030203237248031825, 0.1718033123755722, 200.2420153762871, 1.1341319254275088, 357.0319782684065, 75.1248051991573, 8.57753527187461, 0.02875747063098658, 0.1717776648738172, 199.98893844039222, 1.1350752250426865, 358.0020980694224, 75.35507613496986, 8.590795675697013, 0.027233133022297632, 0.17232051931987005, 199.70529130553473, 1.1353894733057899, 359.0684209482436, 75.57400575008144, 8.61209354757267, 0.025615263446448593, 0.172356840844355, 199.49997833051646, 1.1351083496821694, 360.0898414838227, 75.79246243238147, 8.626176661349401, 0.023884992691540357, 0.17207844002373443, 199.3174670399176, 1.1358833730042597, 360.9705315080051, 75.99982972681075, 8.648596428658028, 0.022015891951521642, 0.17187123148667327, 199.18400801283607, 1.1362124882654636, 361.84745267425177, 76.20424205037175, 8.670845997795231, 0.01996904331235348, 0.17148264649563597, 199.06737957419247, 1.1359137375396435, 362.77317891198123, 76.4110820317431, 8.691453426122278, 0.017682832266737173, 0.17117558931401672, 197.84047184599876]}