{"obs_size": 756328406, "obs_mean": [4495.31748462693, 535.5229171043461, 1.7721053028914002, 0.05750957661285636, 0.09005078564990324, 599.4246605304432, 0.48663401722561306, 4496.234766048081, 535.7297034206589, 1.7039004614617106, 0.05734638375124107, 0.0900525686599569, 600.1062684114452, 0.4867415107325193, 4497.574850258654, 535.9410465220583, 1.6294804772941458, 0.05717724256711883, 0.09004775397008413, 600.8033144659145, 0.48681059877639277, 4498.082046405378, 536.1666709262811, 1.547599301724494, 0.05698513049347156, 0.09004065228440324, 601.5627038518254, 0.4868801809727197, 4499.007769012474, 536.3982663517727, 1.4496534366580436, 0.05679836201292859, 0.09003412221256585, 602.3648181941159, 0.48689784521480106, 4499.442425845266, 536.6544489114416, 1.3214216351937473, 0.05667351343375058, 0.09002418236239029, 603.3012019661776, 0.48690964368643114, 4499.64222028601, 536.9471196762117, 1.1748367586764936, 0.056463068192678954, 0.09001529360723487, 604.3445035043696, 0.4868949385507267, 4500.537913057987, 537.265839400457, 1.0159906753522094, 0.056240870040710995, 0.0899928279452257, 605.529035002133, 0.4868889536076894, 4501.617172789132, 537.6222648273776, 0.8448285730524314, 0.056069584005044096, 0.0899818420712628, 611.605940046127], "obs_std": [8358.925320633934, 519.018313623475, 19.296741857479017, 2.566529993293203, 0.10131452653749679, 469.5481172863507, 0.7228600312738698, 8360.524043939009, 519.0475910536306, 18.760271715316268, 2.429851149025087, 0.10115945355661808, 469.51361514286424, 0.7220201233314718, 8362.041380165636, 519.0681930108836, 18.154071715093853, 2.2796683324619607, 0.10102297838446908, 469.39511108383914, 0.7204713559789618, 8359.679433821224, 519.0812317217044, 17.45343638362771, 2.095719868846079, 0.10080618276489045, 469.3063280051058, 0.7197094757406184, 8361.39928401887, 519.0988397853512, 16.564476634186395, 1.9004170719716715, 0.10063091444922602, 469.1834542271218, 0.7179562696333466, 8361.870432636628, 519.0864346570141, 15.265529786420279, 1.760514006666698, 0.10042273734856201, 469.0176123001626, 0.7164996100997462, 8362.478105165428, 519.0891813609161, 13.630959832984692, 1.4904347130038365, 0.10027857565012131, 468.82188057993164, 0.7153481245616682, 8362.643323635442, 519.0691524099569, 11.598246118437832, 1.1378061960869346, 0.09997030584162557, 468.6247071404784, 0.7130330975408793, 8362.797675456724, 519.0653449407754, 8.895580323665047, 0.7663636748543181, 0.09974137312708387, 467.01152433322306]}