{"obs_size": 13488, "obs_mean": [74.42388948200909, 21.3119068801898, 5.804344602609727, 0.08242402283511162, 0.2082494876927637, 112.60731034993933, 1.8549931049822077, 74.62969617437759, 21.350904507710556, 5.8095344009489915, 0.08240545736951256, 0.20863299918445993, 113.42130718663367, 1.86615191281139, 74.82795052392284, 21.390124555160142, 5.850014827995255, 0.0823868869365351, 0.20918482532621552, 114.0263850336087, 1.8752591933570597, 75.03398017991331, 21.430308422301305, 5.867215302491103, 0.08236832992289336, 0.20970318846381933, 114.3534629794371, 1.8792616399762754, 93.53275434954556, 21.468342230130485, 5.902431791221827, 0.08234978225088863, 0.21009404982206387, 114.74688107947655, 1.8843095344009488, 351.5283966488733, 21.50800711743772, 5.915406287069988, 0.08233123213226468, 0.21047081316725968, 115.15138399564893, 1.8890203884934762, 609.5230825425072, 21.54440984578885, 5.9551453143535, 0.08231268193950074, 0.21087182102609717, 115.54215485369564, 1.8944022835112706, 624.6865435448796, 21.584519572953738, 5.9686387900355875, 0.08229416444246639, 0.21133448094602603, 116.03068060498062, 1.9007493327402154, 627.4552343811785, 21.62344306049822, 5.974421708185053, 0.08227564694543205, 0.21180740035587178, 117.33460611901783], "obs_std": [326.53664147071925, 4.020381125547146, 7.887116285887676, 0.0023184821563075955, 0.08582319704948209, 59.67742436837185, 0.9320761334100525, 326.51517786696104, 3.9826336476543136, 7.8875347147092185, 0.0022924279313739373, 0.08561603588611277, 61.15451222497056, 0.9507167982300166, 326.49397514139525, 3.938445838033901, 7.906648684249699, 0.0022659233207012923, 0.08557509964625187, 61.974004828800126, 0.9651156862267853, 326.4724298408464, 3.892788542064324, 7.912945600834418, 0.002238948352315421, 0.08545830172298984, 61.81027466888195, 0.9633247596228441, 2276.487914027404, 3.847809861138969, 7.923415679606067, 0.0022115901819994193, 0.08523874806096035, 61.68532136311038, 0.9624122421013688, 30155.23583888583, 3.7996723577236216, 7.924982265199551, 0.002183823998424275, 0.08499720412943658, 61.72587404953328, 0.9620367142862748, 42583.57638060395, 3.755219760870435, 7.939532111211082, 0.002155543404684359, 0.08482970375514341, 61.58639289787573, 0.9603910210668942, 42624.1914745351, 3.7083556354392595, 7.943368533760176, 0.0021267245684898784, 0.08465428137699064, 61.62132229483477, 0.9613894188011896, 42626.115789150776, 3.6615454163137042, 7.944891818769545, 0.0020973463270442527, 0.08449175725635567, 62.051924857613216]}