{"obs_size": 13438, "obs_mean": [73.29026645830275, 21.310686114005062, 5.812323262390237, 0.0824317429677026, 0.20831217279357028, 112.64996358584959, 1.856280994195566, 73.50557121595511, 21.350275338592052, 5.825941360321476, 0.08241308141092334, 0.20869763647864245, 112.92891913479043, 1.8596062658133667, 73.71214367217378, 21.389418068164904, 5.831150468819765, 0.08239444686709245, 0.20908257493674623, 113.74594468422744, 1.8708065932430438, 73.91113568487405, 21.42878404524483, 5.871781515106415, 0.08237580733740058, 0.2096364543086766, 114.35327389988444, 1.8799477600833476, 74.1179319343159, 21.469117428188717, 5.889045988986457, 0.08235718127697494, 0.21015674616758417, 114.68156883464658, 1.883965098973062, 92.6855361909017, 21.507292751897605, 5.924393510939128, 0.08233856459294461, 0.21054906183955918, 115.07645076152055, 1.8890317755618395, 351.64112655653145, 21.547105223991665, 5.937416282184849, 0.08231994545319171, 0.21092722704271466, 115.48245874882022, 1.8937601577615721, 610.5957569578808, 21.583643399315374, 5.977303170114601, 0.08230132623902299, 0.21132972696829883, 115.87468358386514, 1.8991620776901337, 625.8156380413753, 21.623902366423575, 5.99084685221015, 0.08228273984223781, 0.21179410834945675, 117.56907694597255], "obs_std": [298.7108879849188, 4.02229873908572, 7.8908533283808895, 0.0022105768568187437, 0.08589480233429889, 59.60475148724943, 0.9316349659074046, 298.6880908808691, 3.978251019154055, 7.893810213176354, 0.0021832055466146534, 0.08566335589261723, 59.492924868339976, 0.9306039054266816, 298.66517352236576, 3.9395753766909976, 7.894215585434978, 0.002155318239521805, 0.08545301210123228, 60.975598238404515, 0.9492875879922605, 298.6425184216633, 3.8943418789684956, 7.9132730163383815, 0.0021269034071050344, 0.08540892296510036, 61.79729959550711, 0.9637167712200444, 298.6195106411714, 3.847582453653245, 7.919540545791648, 0.0020979354521797728, 0.08528870081600493, 61.630743755570535, 0.9618969479112126, 2276.819134286474, 3.8015082400040434, 7.929943214823206, 0.0020685031171151775, 0.08506579473352245, 61.50284767789298, 0.9609548242449243, 30210.993404877165, 3.752180319608322, 7.931478235990575, 0.002038575031055257, 0.08482082471867183, 61.5414926887738, 0.9605540386511113, 42662.515452678716, 3.7066036894694796, 7.945959374894404, 0.002008031392226254, 0.0846501764898068, 61.39895200203464, 0.958872904733609, 42703.20584404169, 3.6585065981003595, 7.9497691632332925, 0.0019768402834730208, 0.08447120448239272, 61.93834614656656]}