{"obs_size": 13389, "obs_mean": [72.14679473199439, 21.31077750392113, 5.801777578609306, 0.08243994398386675, 0.20838406751811178, 112.82438051136351, 1.8590693853163056, 72.35969835935013, 21.348420345059377, 5.833594741952349, 0.0824212141310025, 0.2087533842706698, 112.96449503323473, 1.8607772051684228, 72.57579107227359, 21.38815445514975, 5.847262678318022, 0.08240248427813823, 0.20914025864515629, 113.24447148156302, 1.8641146463514837, 72.78311952597934, 21.42744043617895, 5.852490850698334, 0.08238378153708219, 0.20952660587049046, 114.0644871162881, 1.8753559638509236, 72.98283979386092, 21.466950481738742, 5.893270595264769, 0.08236507379191828, 0.2100825122862048, 114.67403898722687, 1.884530584808427, 73.19039285981054, 21.50743147359773, 5.910598252296661, 0.08234637956531439, 0.21060470826798103, 115.00353538974633, 1.8885626260362995, 91.82594936141632, 21.54574650832773, 5.9460751363059225, 0.08232769474942078, 0.21099845970572845, 115.39986247416883, 1.8936478452460979, 351.72924485274, 21.585704682948688, 5.959145567256703, 0.08230900746881734, 0.21137800888789293, 115.80735633729026, 1.898393532003884, 611.6315768665821, 21.622376577787737, 5.999178430054522, 0.08229032011352573, 0.21178198185077307, 117.70472716408837], "obs_std": [267.754759638314, 4.023419516868972, 7.889444082626522, 0.0020967211227120195, 0.08593267080500747, 59.52482546671683, 0.931322825973776, 267.73010870242405, 3.9809053831699885, 7.897426899837928, 0.002067810843055096, 0.08573733769193218, 59.42462854539958, 0.930252685261513, 267.70533111093675, 3.935849026346058, 7.900355291122952, 0.00203831849427645, 0.08550261576032712, 59.31056429883505, 0.9292001389776235, 267.68038745606367, 3.8962261184088964, 7.900747694569509, 0.0020082111651789137, 0.08528909517038671, 60.79878472211492, 0.9479255849444639, 267.655710164366, 3.8499240800598185, 7.919748744236705, 0.001977470060216831, 0.08524185723275031, 61.622677576529064, 0.9623841437683166, 267.6306641688882, 3.802037169193062, 7.92598701457448, 0.0019460607435881163, 0.08511821563077746, 61.45331331349419, 0.9605358521241781, 2277.0675285794005, 3.754840829643809, 7.936322617494734, 0.0019140717563440165, 0.08489196234854336, 61.32249178362881, 0.9595645241861824, 30265.933401596572, 3.7042920189814383, 7.937826277563728, 0.001881461221848323, 0.08464357136936536, 61.359239471478375, 0.9591388062442938, 42740.30082330781, 3.6575610834532206, 7.952239007528998, 0.0018480897793125052, 0.08446977925084559, 61.920145689717394]}