{"obs_size": 13538, "obs_mean": [75.54047106908986, 21.312675432117004, 5.788078002659182, 0.08241638654158552, 0.2081867442753727, 113.10056379573413, 1.8615800709115102, 75.73799320431415, 21.351750627862312, 5.828408923031467, 0.08239788469493166, 0.20873653235337528, 113.70340690402182, 1.8706537154675742, 75.94326192938429, 21.391786083616488, 5.845545870881962, 0.08237939621805178, 0.20925298101639794, 114.02927685034577, 1.8746413798197665, 94.37371443344689, 21.42967942088935, 5.880632294282759, 0.08236091704830736, 0.20964239880336805, 114.42124193627666, 1.8796706308169597, 351.4164994336931, 21.469197813561827, 5.893558871325159, 0.08234243544097986, 0.21001777064559005, 114.82425089870337, 1.8843640862756694, 608.4583315605458, 21.50546609543507, 5.933151130152164, 0.08232395375978621, 0.21041729745900417, 115.2135785197208, 1.8897261042990119, 623.5657892352393, 21.545427685034717, 5.94659477027626, 0.0823055046535667, 0.21087824863347596, 115.70029999507403, 1.8960497119219992, 626.3242544442804, 21.584207416161913, 5.952356330329443, 0.08228705554734722, 0.21134942140641144, 115.98424755010426, 1.8996588122322375, 626.1513587925347, 21.619884768798936, 5.985965430639681, 0.08226855384842569, 0.21177869412025407, 117.01065514354498], "obs_std": [351.98460376623086, 4.024553875508619, 7.880838957632372, 0.002420807834564437, 0.08577521877196116, 61.327377054565055, 0.9520327746595367, 351.96449707150435, 3.981369705964176, 7.900008480242901, 0.002395901740662409, 0.08573737766086957, 62.144714039309484, 0.9664024265634974, 351.9440542894856, 3.9367690915176303, 7.9063343183228, 0.002370587082751214, 0.08562394168810675, 61.98373986467834, 0.964639569723049, 2276.1587808384725, 3.8928395351060283, 7.916870789181394, 0.0023449487148744343, 0.08540768022989513, 61.86165634353446, 0.9637558235945437, 30099.787987292566, 3.8458406282634257, 7.918468505508091, 0.0023189661895053107, 0.08516950067000405, 61.90406909407989, 0.9634048469515671, 42505.0753917967, 3.802461817624926, 7.933085968876246, 0.0022925428942393716, 0.08500509061710329, 61.767571128478664, 0.9617935840861749, 42545.61560331939, 3.7567741736607494, 7.936948626221328, 0.00226566014783033, 0.08483315252814552, 61.80486427771916, 0.9628176370179125, 42547.53642465959, 3.711155772982268, 7.9384835199383526, 0.0022383025152925952, 0.08467411492486875, 61.85244683095841, 0.9649401046712796, 42547.42388665617, 3.6673015731997833, 7.945845166924586, 0.002210321942627568, 0.08463895555805566, 62.2124216566279]}