{"obs_size": 13588, "obs_mean": [76.64133848493807, 21.313659110980275, 5.806962025316456, 0.08240880151604248, 0.20829153856343785, 113.38280571092, 1.8660821312923175, 76.84585187910938, 21.353547247571388, 5.824035914041802, 0.08239038107153261, 0.2088060868413303, 113.70747654793307, 1.8700551221666177, 95.20848552644523, 21.39130114807183, 5.858993229319988, 0.0823719698999106, 0.20919407168089466, 114.09799931311795, 1.8750658669414186, 351.30542571877174, 21.43067412422726, 5.871872240211951, 0.0823535562996751, 0.2095680622608182, 114.4995253164542, 1.8797420518104222, 607.4014165440097, 21.46680894907271, 5.911318810715337, 0.08233514262584525, 0.20996611892846606, 114.88742032185117, 1.8850843391227576, 622.4532830438625, 21.506623491315867, 5.924712982042979, 0.08231676140712285, 0.21042537393288174, 115.3723507997237, 1.891384677656758, 625.201597880483, 21.545260523991757, 5.930453341183397, 0.08229838018840047, 0.2108948129231674, 115.65525350799567, 1.894980497497794, 625.0293384358749, 21.580806594053577, 5.963938769502502, 0.08227994657050236, 0.21132250603473637, 115.84019399469962, 1.8972997497792194, 679.4884629084487, 21.621504268472183, 5.977627318221961, 0.08226151295260425, 0.21174459559905795, 116.67788421155765], "obs_std": [375.540789205334, 4.023162852022708, 7.893353131127086, 0.0025182500308089336, 0.08589584434464494, 62.3120488027587, 0.967656327298785, 375.52120861613525, 3.97957656795191, 7.899707433156208, 0.0024943473343610563, 0.08578570968097209, 62.1537774056883, 0.9659210772641846, 2275.8317154807596, 3.9366529773891683, 7.910309295959284, 0.002470166106909279, 0.08557268181801349, 62.03450735773958, 0.9650656145680625, 30044.64699731872, 3.8907445770227738, 7.9119377166223845, 0.0024456889653939307, 0.08533780658080874, 62.07874200000112, 0.9647387662843683, 42427.00845196225, 3.8483930219818654, 7.9266217265870145, 0.002420826807420782, 0.08517643086656175, 61.94516827500807, 0.9631613524206794, 42467.474192298745, 3.803829662007823, 7.930510226195712, 0.002395564420862256, 0.08500791349660158, 61.98477649291233, 0.9642105984578951, 42469.39153924424, 3.7593487116886277, 7.932056557107685, 0.0023698902124511235, 0.0848522983390071, 62.03354453265509, 0.9663396000806962, 42469.279204485414, 3.7165966350307684, 7.939489704108095, 0.0023436683543971415, 0.08481963828982776, 61.93245333173358, 0.9650969542003025, 42956.301972204805, 3.6637078365132503, 7.940142561839002, 0.0023170031280073436, 0.08468913340272582, 62.39658068234479]}