{"obs_size": 1423, "obs_mean": [62.57047317873044, 19.690794096978216, 5.14827828531272, 0.08345373085031611, 0.18954705832747712, 110.23794471773239, 1.8761215741391437, 62.9624085265871, 19.754040758959945, 5.194659170765988, 0.0834443963457483, 0.19039850035137026, 111.00970765987341, 1.8867856640899519, 63.34982290934656, 19.79198875614898, 5.2347153900210825, 0.08343506184118048, 0.19134862895291632, 111.7412513469196, 1.8973591004919197, 63.741501522604935, 19.86507378777231, 5.259311314125088, 0.08342572733661265, 0.19200143078004211, 112.48705130007029, 1.907495432185525, 64.11856125556345, 19.922698524244552, 5.32888264230499, 0.08341639283204483, 0.19281661419536178, 113.16823284141486, 1.9174602951510904, 64.50213492621232, 19.99297259311314, 5.358397751229796, 0.08340705832747702, 0.19356719957835555, 113.89760365425161, 1.9276170063246674, 64.88839353478575, 20.060435699226986, 5.387912860154603, 0.0833977238229092, 0.1943585305692198, 114.53981822440858, 1.9361286015460306, 65.28535347856648, 20.116654954321856, 5.433591004919185, 0.08338838931834139, 0.19513557062543913, 115.1241105645351, 1.9442290934645132, 65.67396064652151, 20.18271257905833, 5.483485593815882, 0.08337905481377357, 0.19586411665495418, 116.29181166549549], "obs_std": [13.816350808295391, 3.685830630519121, 6.778584010091467, 0.001139143719886895, 0.05444744836833972, 52.86490710046166, 0.8133152442656751, 13.136852919156507, 3.6134279772478783, 6.800493936925008, 0.0011315293571971003, 0.053882059786462023, 52.46335465419117, 0.8084065356825902, 12.4041374950602, 3.61639398594427, 6.807854020145761, 0.001123785874572611, 0.053386923928112145, 52.01005620463357, 0.8033037604060719, 11.614634370673711, 3.5447242049083463, 6.82072995215128, 0.001115910584064866, 0.05282472073092316, 51.57284961269372, 0.7979531667358684, 10.750142367891536, 3.4927388626895963, 6.841652582938999, 0.0011079006748873938, 0.05232725962895736, 51.0179160962613, 0.791249544858894, 9.798963012522382, 3.4140310013379143, 6.849204864155296, 0.0010997532056115453, 0.05172889719504645, 50.485681390019394, 0.7844378878582753, 8.726820047826854, 3.3303479576812234, 6.856211801562173, 0.0010914650957033444, 0.05103390323419552, 50.0180622374924, 0.778929648089715, 7.48046570356756, 3.2720021526347285, 6.863772022279934, 0.0010830331163327973, 0.05042701466465382, 49.46338026034387, 0.7719911962636594, 5.957666901406129, 3.1816072269125635, 6.876143585279439, 0.0010744538803770442, 0.04976262207154524, 49.404098605025396]}