{"obs_size": 251, "obs_mean": [682876.6144462165, 12.605577689243027, 0.17928286852589642, 0.018920470119521922, 0.03387270119521911, 184.15872244355933, 0.1703545816733069, 688589.3130172656, 13.358565737051793, 0.2589641434262948, 0.018886227091633477, 0.03942020318725098, 190.42915272244375, 0.17216733067729098, 708613.3758432945, 14.187250996015937, 0.2589641434262948, 0.018842075697211167, 0.044957163346613566, 198.59708632138128, 0.18565338645418342, 722340.2125657379, 15.50996015936255, 0.4860557768924303, 0.018797924302788857, 0.05820255378486059, 206.13595750332018, 0.19578884462151405, 760746.9064090314, 16.916334661354583, 0.5418326693227091, 0.01875376095617531, 0.06647143426294826, 212.87370783532546, 0.2061155378486057, 829513.3120292173, 18.362549800796813, 0.9561752988047809, 0.018709593625498018, 0.07518090836653388, 221.55845949535197, 0.22655378486055783, 909598.133150067, 20.02390438247012, 1.0756972111553784, 0.01863884063745021, 0.0870266613545817, 229.8107436918991, 0.2431513944223108, 988857.8723638783, 21.99601593625498, 1.1394422310756973, 0.0185680876494024, 0.09975359362549802, 238.6766480743692, 0.2751354581673307, 1032062.7355697214, 24.55378486055777, 1.5378486055776892, 0.018497334661354593, 0.12210791633466135, 250.65339707835324], "obs_std": [1285028.2980612456, 8.722355805728931, 2.1394904547674805, 0.0366266071514738, 0.10480636102392854, 182.35763562288628, 0.3120822845973259, 1295382.78713842, 11.963711579423785, 2.4771202682581874, 0.036559045380802846, 0.12672941209384642, 182.37667744678495, 0.3255837966696604, 1317690.3960430722, 14.846652969446286, 2.4771202682581874, 0.03647227121701276, 0.14370697527060927, 184.33471325502174, 0.3951700569159489, 1331579.29321088, 21.29499923523577, 3.298376514340815, 0.036385236533624674, 0.21277233621185787, 182.81808186237726, 0.41743938562666827, 1479368.6412800446, 26.691930158182192, 3.4062929558515855, 0.03629794563005981, 0.22345811834738344, 180.25038236317172, 0.4344331363945655, 1688339.6250336384, 31.133564468695255, 4.759774145218811, 0.0362103924937578, 0.2336830016694552, 177.42978880011495, 0.47600482949734707, 1878328.5386510654, 35.13524561401829, 5.098848300937021, 0.03606619809542268, 0.25323694688044934, 173.6960719370468, 0.5086506728199689, 2047932.9470535647, 38.970158979662166, 5.184300358469033, 0.035921285522568826, 0.2710570174439095, 169.35458394305326, 0.5827932238885825, 2112777.765950442, 43.4415861816488, 6.034558654976072, 0.035775646048099796, 0.31933924942277503, 163.51219588280944]}