{"obs_size": 1413, "obs_mean": [62.54376032083045, 19.685774946921445, 5.13588110403397, 0.08345569780608621, 0.1894348924274592, 110.13140929464483, 1.8742745930644031, 62.932878509082386, 19.75230007077141, 5.1847133757961785, 0.08344629723991494, 0.19025389525831557, 110.87476904930398, 1.8850155697098385, 63.327587638594075, 19.815994338287332, 5.231422505307855, 0.08343689667374367, 0.1911113630573248, 111.65199386647787, 1.8957551309271066, 63.71774380750187, 19.854210898796886, 5.2717622080679405, 0.0834274961075724, 0.19206821585279538, 112.38871479122433, 1.9064033970276024, 64.11219438546838, 19.927813163481954, 5.2965322009908, 0.08341809554140113, 0.1927256376503891, 113.13979287567824, 1.9166114649681545, 64.4919226232603, 19.985845718329795, 5.366595895258316, 0.08340869497522987, 0.19354659023354556, 113.8257952347252, 1.9266468506723295, 64.87821089879698, 20.05661712668082, 5.396319886765746, 0.0833992944090586, 0.19430248761500343, 114.5603279075254, 1.9368754423213037, 65.26720311394206, 20.124557678697805, 5.426043878273178, 0.08338989384288734, 0.19509941896673733, 115.20708752064174, 1.94544727530078, 65.66697239915082, 20.181174805378628, 5.472045293701345, 0.08338049327671607, 0.19588195824486898, 116.97148006605339], "obs_std": [13.856900258109226, 3.6962217541418156, 6.773032096843597, 0.0011417187766752715, 0.05448289346675069, 52.88316974669752, 0.8133239955686754, 13.173951581219482, 3.6253515850459017, 6.7886290699164284, 0.0011340837864949327, 0.05398422153513724, 52.50493110938723, 0.8092624400378137, 12.442731037911651, 3.550082335892596, 6.810410250887711, 0.0011263185887127212, 0.053398474682610594, 52.088189513289116, 0.8041747033361005, 11.64855402995838, 3.5524547143673644, 6.817593249495905, 0.0011184204712362162, 0.05288230184562673, 51.61914866985747, 0.7988884395825122, 10.78426473387942, 3.477624049883061, 6.830407068936548, 0.001110386597718111, 0.052301563521873866, 51.165929301419446, 0.7933530407079012, 9.825824452207263, 3.423175346235327, 6.851064630553068, 0.001102213999645754, 0.05178397931109682, 50.593670416427464, 0.7864455250628332, 8.750606465788419, 3.3409118339794768, 6.858495997555557, 0.0010938995677618186, 0.051164137661498334, 50.04341736470585, 0.7794221552028938, 7.501773972416117, 3.2534023617582757, 6.8653783130246, 0.0010854400427454368, 0.05044469842930451, 49.559593947603, 0.7737359425483811, 5.96905665721144, 3.1920836317550476, 6.872725553857155, 0.0010768320050742635, 0.04981458117973292, 48.91117698915969]}