{"obs_size": 1383, "obs_mean": [62.46864352856117, 19.686189443239336, 5.150397686189443, 0.08346176934200998, 0.18954801156905265, 109.91417449987935, 1.871122921185831, 62.85308026030376, 19.744034707158352, 5.190889370932755, 0.08345216485900203, 0.19029955820679667, 110.45656350927923, 1.879075921908895, 63.247143408050206, 19.803326102675342, 5.206796818510484, 0.08344256037599407, 0.19089652494576992, 111.14096408773186, 1.888302964569778, 63.65398071824542, 19.874186550976138, 5.247288503253796, 0.08343295589298612, 0.19159896818510475, 112.08101325620622, 1.9014953000723085, 64.05153964810803, 19.942154736080983, 5.297180043383948, 0.08342335140997816, 0.19243573680404905, 112.84049795131352, 1.9124692697035448, 64.45481079778264, 20.007230657989876, 5.344902386117137, 0.0834137469269702, 0.1933118047722341, 113.63458230899012, 1.923441793203183, 64.85343022415046, 20.046276211135215, 5.386117136659436, 0.08340414244396226, 0.19428941359363688, 114.38728416485903, 1.934321041214752, 65.25643721378654, 20.121475054229936, 5.411424439624006, 0.08339453796095429, 0.19496109616775115, 115.1546546155701, 1.944750542299351, 65.6444025066282, 20.180766449746926, 5.483007953723789, 0.08338493347794634, 0.19579985683297169, 118.44934152807915], "obs_std": [13.989900501374184, 3.6782967680416654, 6.787803131577538, 0.0011496097723349208, 0.05468819016524611, 52.191010870828, 0.8034515523899917, 13.294142909400934, 3.629176805438073, 6.791258321713592, 0.0011419127173078877, 0.05426033561210523, 51.76484205510612, 0.7981200013376523, 12.552900646985547, 3.5813553403286074, 6.792389520191143, 0.001134082090090194, 0.05364785415050299, 51.30908415142351, 0.7927249689505026, 11.752589334969294, 3.5051979230881933, 6.80326934995779, 0.0011261151042364493, 0.05302687320836861, 51.75199562121491, 0.8005888079539651, 10.88007863627521, 3.4249913447211298, 6.81831457144687, 0.0011180088446555154, 0.05246856145475132, 51.32805160423567, 0.79599576898375, 9.916281772809421, 3.339754591698265, 6.8396826873614085, 0.0011097602593707911, 0.05181551197939777, 50.861574533817624, 0.7903274182903469, 8.825125086247377, 3.340091304479785, 6.846304292459411, 0.001101366150579247, 0.05122963392989501, 50.340887950173766, 0.7844453187007988, 7.560091704509698, 3.254186045565579, 6.8589180930362215, 0.0010928231649343363, 0.050587276992369125, 49.83503305958881, 0.7783090236690842, 6.006821532868186, 3.191049529346775, 6.878732178946126, 0.0010841277829687606, 0.05000265974381768, 48.26266714129547]}