{"obs_size": 1403, "obs_mean": [62.50752055119988, 19.67783321454027, 5.1325730577334285, 0.08345769280114028, 0.18945353813257299, 109.84536469470169, 1.8702145402708494, 62.908558327393756, 19.74768353528154, 5.172487526728439, 0.08344822523164633, 0.19014596792587304, 110.77201330482288, 1.8832188168210993, 63.300449988120754, 19.814682822523164, 5.221667854597292, 0.08343875766215239, 0.19097080826799703, 111.52067141838909, 1.8940363506771214, 63.697972440009565, 19.878831076265147, 5.268709907341411, 0.08342929009265844, 0.19183438774055586, 112.3034359705393, 1.9048524590163947, 64.09090947968646, 19.917320028510336, 5.309337134711333, 0.0834198225231645, 0.19279806058446175, 113.04540793537657, 1.915576621525304, 64.48817153718234, 19.99144689950107, 5.3342836778332146, 0.08341035495367057, 0.19346016821097636, 113.80183939177957, 1.9258574483250195, 64.87060631979101, 20.049893086243763, 5.404846756949394, 0.08340088738417661, 0.19428697220242327, 114.49273129009273, 1.935964362081256, 65.2596478973629, 20.121168923734853, 5.434782608695652, 0.08339141981468268, 0.19504825730577324, 115.23249940603476, 1.9462658588738433, 65.65141268709915, 20.1895937277263, 5.46471846044191, 0.08338195224518874, 0.19585086885245886, 117.60091660727022], "obs_std": [13.898106013498639, 3.7057083177332175, 6.771988625498243, 0.0011443211686367738, 0.054601074090137265, 52.068870750329395, 0.8013002203090103, 13.212805998619471, 3.6356396905801542, 6.7831842108900835, 0.0011366655184994697, 0.05401836624242497, 52.52215798311032, 0.8092625620809175, 12.477939264536936, 3.561877176313363, 6.798602708375335, 0.001128878556425315, 0.05350075696412566, 52.12933872035226, 0.8050306578305729, 11.685061385246147, 3.4835323094026354, 6.820250775814502, 0.0011209575458615046, 0.052893667866214945, 51.69674512809361, 0.7997569260347596, 10.815700445275088, 3.4852718446765345, 6.827251778351191, 0.0011128996245603632, 0.05235541753920801, 51.21126021581769, 0.7942799186081662, 9.856730299515691, 3.4070382648674316, 6.840001258533982, 0.0011047017965609717, 0.051755197676373786, 50.741298918190374, 0.788552288941342, 8.773379562443585, 3.3499297855391297, 6.860385888689753, 0.0010963609234915788, 0.05121644271965062, 50.15090565615771, 0.7814325497483477, 7.520664427839641, 3.2638106456774283, 6.867692843707249, 0.0010878737151201385, 0.05057396827478775, 49.58177233903217, 0.7741886433404277, 5.984920573653911, 3.1721309673695415, 6.874446964799437, 0.0010792367190728056, 0.04982872828086515, 48.504050812371204]}