{"obs_size": 756379296, "obs_mean": [4476.718963945461, 534.2537476157994, 2.1927216765065976, 0.05773684580892256, 0.09015589484937987, 595.0703258594746, 0.4852871563681709, 4477.3113364160645, 534.4907155681851, 2.096507633651575, 0.057578614472714666, 0.09014831539264133, 595.8686325045231, 0.48531630571932144, 4477.781237664917, 534.736445251669, 1.9705632370984425, 0.05737435392779876, 0.09013986381662534, 596.7867350175734, 0.4853400873617885, 4478.022582271749, 535.0296050911484, 1.8262793195227809, 0.05723215835816078, 0.0901283626249587, 597.8364370624269, 0.4853442205657894, 4478.773994070101, 535.3286120962251, 1.6704833324787356, 0.05703289514079868, 0.09011231004122157, 598.9619959983968, 0.4852745345011857, 4480.084574105287, 535.6750424776304, 1.5011958788464785, 0.056861703432641436, 0.09009531457276952, 600.2314277187227, 0.48531467809273743, 4481.4812585057925, 536.0347902529049, 1.3170319828532175, 0.05666182156323728, 0.09007938138707719, 601.6064667219568, 0.48534059055208234, 4483.600515151462, 536.4050004232262, 1.1177666343738737, 0.0564161671949439, 0.09006642933208467, 603.1165613597116, 0.48538628187185034, 4485.776891488944, 536.8008536989352, 0.9045758359837496, 0.05628376023815036, 0.0900524675012006, 607.4792847023333], "obs_std": [8324.42118195449, 518.7013722834466, 22.39339632913167, 2.7007183483732895, 0.10204936924874107, 470.0295886084634, 0.726628141412948, 8324.841419558383, 518.7046213112728, 21.724442648859316, 2.5759296868369104, 0.10182106636192645, 469.930262978901, 0.7250429673439199, 8326.125354848098, 518.7082071578136, 20.770001104854618, 2.4045471739805935, 0.10156327158347271, 469.7677531181199, 0.7239725415225066, 8325.785102140717, 518.6989610086771, 19.62641580519745, 2.2795928015833726, 0.101531740287046, 469.60325608848245, 0.7222771583512169, 8326.534304322364, 518.6839393914007, 18.303158516315122, 2.089823885452861, 0.10113884922508494, 469.37375864303226, 0.7201739931229136, 8328.725802744044, 518.6601700569354, 16.748570217935185, 1.9131445142572467, 0.10094232089944523, 469.1568442282951, 0.7188920236445038, 8327.589363664314, 518.6517995589651, 14.870213207401736, 1.6825404150750187, 0.10066993770905934, 468.89403644456496, 0.7171919909822276, 8329.92483269368, 518.6339207407167, 12.543119825104359, 1.3441211610788657, 0.100309075181143, 468.55365202166917, 0.7151030523916119, 8330.492486352035, 518.6135824429704, 9.465067233941747, 1.1270014009719929, 0.10010877651778197, 467.12944544559997]}