{"obs_size": 756397384, "obs_mean": [4469.818988512935, 533.7526007308352, 2.3216473049039545, 0.05783238298206003, 0.090192827943638, 593.6773618306864, 0.48495034540668797, 4469.951611033341, 534.0067020789685, 2.1957159095621606, 0.05768490081311314, 0.09018574004074002, 594.6045328709167, 0.48496740667286337, 4470.560849820643, 534.2962903623696, 2.0527407310546706, 0.057502987135655305, 0.09017450588562438, 595.6239163611024, 0.48492281380548347, 4471.318153475707, 534.6088125193729, 1.8972173243264423, 0.057360461383006475, 0.09015694411913909, 596.7622928080335, 0.4849815131731711, 4472.180665706693, 534.9454648470866, 1.7295282224297064, 0.05715523497725661, 0.09014650191140405, 597.9942563822715, 0.4849274833357748, 4474.2179588350455, 535.3105082460199, 1.5467029748479406, 0.05695536573979765, 0.09012853830397308, 599.3689410597709, 0.48491387451631573, 4476.3159715755855, 535.6851995683262, 1.3490397819778814, 0.056766632102465193, 0.09010733329152668, 600.8752427851059, 0.48502503535993485, 4478.407400825073, 536.0870431976538, 1.1368533791756226, 0.056526390363678215, 0.09009886713448598, 602.5201922145776, 0.4851359346094457, 4480.723241800468, 536.4821441040317, 0.9134574558496885, 0.05628571782073471, 0.09008941209929136, 605.2509869787134], "obs_std": [8313.783013644686, 518.5133838128393, 23.22532767983678, 2.7587570961041856, 0.10231534449980348, 470.12439576126803, 0.7280153166117089, 8313.406000490368, 518.5080387863362, 22.34048755658771, 2.645952400573226, 0.10221238934685757, 469.98993268557143, 0.7267029306471516, 8315.436308239003, 518.516911180905, 21.292783999957784, 2.499012906406177, 0.10209523668839779, 469.82290212193516, 0.7246345104722343, 8314.828375485864, 518.5015160056287, 20.08990969733177, 2.3790283047729095, 0.10166662534833511, 469.64838889095967, 0.7240229719579391, 8314.575967826477, 518.4921682786724, 18.695473811001026, 2.192311331215077, 0.10142556045901982, 469.3874675895586, 0.7215400144108755, 8318.53427892758, 518.4904336826377, 17.054953121008186, 1.9942590190177711, 0.10117444570087235, 469.13803874683043, 0.7195793913324742, 8320.245214165368, 518.4696560696316, 15.090529535795177, 1.7879269903577724, 0.1008109835890709, 468.81007156854577, 0.7182154173266773, 8320.903883429115, 518.4805817810005, 12.668774545049088, 1.4821651369032798, 0.10054917938074508, 468.44619052119856, 0.7167005980628302, 8321.059819172013, 518.4628169017747, 9.515500043143915, 1.0940490730448085, 0.10033896262419181, 467.45558246552685]}