{"obs_size": 756344750, "obs_mean": [4489.098250228513, 535.1513351259457, 1.9083915912684004, 0.057620711061886, 0.09008347393613153, 597.9515607125318, 0.4861453088668665, 4490.363163525902, 535.3580449140413, 1.8348669426210733, 0.05741193529517118, 0.0900813971052116, 598.6539200215535, 0.486192217904433, 4491.4499298268465, 535.5782464411903, 1.7523707000015536, 0.05718580181373665, 0.09007484537912763, 599.4041071991876, 0.48628718422160677, 4492.071090617911, 535.8149557751269, 1.6550313266536198, 0.05701605342350315, 0.09007347423395866, 600.2384605298051, 0.48635303482643877, 4492.672430646591, 536.0732156784322, 1.5279633288920165, 0.056834453037168706, 0.09005931966339926, 601.1765852764294, 0.4863510815863183, 4492.7732530158555, 536.3555853570734, 1.3819438582736245, 0.056692236381506014, 0.09004377427960973, 602.226541283785, 0.486315039529003, 4493.579612726159, 536.6818723326901, 1.2242123251334787, 0.05653262287659967, 0.09002881966152725, 603.3678550184036, 0.48631806154862667, 4494.865701486276, 537.0259319285282, 1.0529358364687527, 0.05632729897117296, 0.09001592696345549, 604.6140228327329, 0.4863057783958933, 4496.724863752781, 537.3976679404453, 0.8667372834940678, 0.0561387094993441, 0.09000236776154896, 610.4904401637933], "obs_std": [8347.183453588294, 518.9246716247258, 20.364046749026716, 2.6414307825783734, 0.1016945314983121, 469.6677888061194, 0.7242364219745648, 8347.971754894357, 518.9420504162974, 19.81561093612033, 2.4696482472872376, 0.10156468842317143, 469.60070902378925, 0.7227047667724815, 8348.691013528376, 518.9516735197069, 19.175005652213294, 2.268920864927439, 0.10145593405349898, 469.519294772031, 0.7217911269281115, 8348.294801539885, 518.9740622539742, 18.37357761906079, 2.107303533556915, 0.10120465461887973, 469.41838445495273, 0.7205608494181588, 8350.824736661418, 518.9813724730553, 17.22123738799226, 1.9195511861430916, 0.10100824661538244, 469.2949994168757, 0.7191315246461847, 8349.42572955525, 518.9584618289683, 15.802169899259969, 1.760496031652908, 0.10066416843460403, 469.1156539826664, 0.7174854534546612, 8350.70913327215, 518.9494808339537, 14.105992101991689, 1.562321797330194, 0.10043896521431984, 468.8570451367763, 0.7156904842709514, 8352.19469969598, 518.9409844994631, 11.975198373125762, 1.2598582782987533, 0.10012886026532662, 468.58550772761316, 0.7139900085156965, 8352.690586825041, 518.9367475760597, 9.12204863831565, 0.8982215594827738, 0.10003649941264602, 466.9629478028911]}