{"obs_size": 756361737, "obs_mean": [4483.443262479534, 534.6935784510733, 2.0499765206922405, 0.057621457706118206, 0.09011616689886032, 596.5042238602439, 0.4856950057533453, 4484.5235454576905, 534.9026524024179, 1.9682462929771396, 0.05741241076583758, 0.09010818208796441, 597.2323955139855, 0.48576967625048406, 4485.127342299268, 535.1368233239962, 1.8714197516313547, 0.05727678000152367, 0.09010075625257324, 598.0631601326808, 0.48584122927778156, 4485.17252108782, 535.3935325234459, 1.7452967640006356, 0.05710652827743484, 0.09009044842549303, 598.9992513802364, 0.485842340217418, 4485.710836476619, 535.6827840129098, 1.600138492992012, 0.05691888257779508, 0.09007864086755221, 600.0408771440381, 0.48583213981561924, 4486.164663424841, 536.0032565145474, 1.4429117333839971, 0.05674794203431134, 0.09006470765582905, 601.1778652086838, 0.48582766301841596, 4487.616791073855, 536.3428395135753, 1.2732111143269003, 0.05658236534106707, 0.09005267733489676, 602.4431931678383, 0.48580355839024536, 4489.214171597456, 536.7059372954509, 1.0884635059216368, 0.056410886261862914, 0.0900333765091688, 603.8017791569761, 0.48581406052363885, 4491.0911904662735, 537.0805519489135, 0.8885395243096492, 0.05621056959376038, 0.0900217294017199, 609.1340461002112], "obs_std": [8338.852882705118, 518.8140796915123, 21.399355023170394, 2.6275154884226533, 0.10184435985636986, 469.8893076659691, 0.7256302498138474, 8340.749800731925, 518.8241865478587, 20.809551366825502, 2.4547633875088772, 0.1016876447991864, 469.7667777347043, 0.7241798460214347, 8338.012505737759, 518.8303143969146, 20.082249980671406, 2.337719839830275, 0.10151865697757087, 469.69963813982713, 0.7238364979693965, 8337.298786443333, 518.8336366171578, 19.04123423969223, 2.1812097568042024, 0.10123599103118631, 469.57500688858596, 0.7218999103518215, 8338.723363573268, 518.8293373354716, 17.77815383445943, 1.9943052660419724, 0.10110449494142174, 469.3782394880837, 0.7203167884683689, 8339.320233916824, 518.8133861536018, 16.290212866084584, 1.8083128036692662, 0.10073840384253106, 469.15878126269257, 0.7192109610173153, 8340.647912804174, 518.7881759758243, 14.511959105182854, 1.6084542189693949, 0.10049317766850442, 468.92129427721676, 0.7165547830916251, 8341.373748177124, 518.7704788683533, 12.301188413404178, 1.3710823114742074, 0.10020824083626285, 468.5842029956221, 0.7146598731612887, 8341.173103344476, 518.7603524857259, 9.339982084276086, 1.0250198585429282, 0.09993184585828278, 467.0473516944608]}