{"obs_size": 1393, "obs_mean": [62.48344292893043, 19.681263460157933, 5.153625269203158, 0.08345971643933942, 0.18957717085427125, 109.80902656137816, 1.8700330222541293, 62.87467719550139, 19.740129217516152, 5.169418521177315, 0.08345018090452247, 0.1901698521177314, 110.48851399856413, 1.87919382627423, 63.27859392199097, 19.81048097631012, 5.209619526202441, 0.08344064536970554, 0.19086725269203142, 111.42181478822675, 1.8922914572864338, 63.673298875329074, 19.877961234745154, 5.259152907394113, 0.08343110983488859, 0.19169801435750167, 112.17584733189753, 1.9031866475233323, 64.0736750418761, 19.942569992821248, 5.306532663316583, 0.08342157430007165, 0.19256779325197404, 112.96423115577888, 1.9140804020100517, 64.46943287867919, 19.981335247666905, 5.347451543431443, 0.0834120387652547, 0.19353838406317295, 113.71152955252452, 1.9248815506101953, 64.86954678152678, 20.05599425699928, 5.372577171572146, 0.08340250323043776, 0.19420524479540546, 114.47339124192395, 1.9352361809045246, 65.2547269681743, 20.1148600143575, 5.443646805455851, 0.08339296769562081, 0.1950379842067479, 115.16924288107211, 1.9454156496769581, 65.64656137832027, 20.18664752333094, 5.473797559224695, 0.08338343216080386, 0.1958047343862167, 118.11099545345787], "obs_std": [13.941371920454637, 3.690705519752594, 6.781013366553697, 0.0011469513468125771, 0.054729645967843604, 52.13782175209787, 0.802329780799588, 13.252577237628477, 3.645048641054076, 6.782225049207126, 0.0011392750073145259, 0.05413479166970559, 51.69715910777508, 0.797106214416667, 12.514813461132785, 3.572042572406615, 6.79326506021103, 0.0011314662344848701, 0.053533403768839194, 52.145370540427024, 0.8050203662904334, 11.718043015319862, 3.4951770082028526, 6.808499702463337, 0.0011235222669883766, 0.05299593903649759, 51.73733117809219, 0.8006114360610828, 10.849746010615396, 3.41352043368758, 6.8300101349995055, 0.0011154402163314526, 0.052366445056690775, 51.288176205880944, 0.7951443195227695, 9.885180251674806, 3.414583259269914, 6.836824064053945, 0.0011072170587341696, 0.051804991522425396, 50.78549477307821, 0.7894688635229731, 8.80035143404803, 3.3326715307561563, 6.849506898897421, 0.0010988496263119264, 0.05118426259755123, 50.298008303169304, 0.783541106568791, 7.538136370433524, 3.2726786074337055, 6.869610464615542, 0.0010903345974934667, 0.050623197767590215, 49.68860935168075, 0.7762002707147172, 5.9969205039013485, 3.1823580050513747, 6.87678938983975, 0.0010816684865928984, 0.04995683209357213, 48.27596329024]}